geometry,clim_id-value,date_tm-value,dwpt_temp,avg_air_temp_pst1hr,air_temp,air_temp_1,air_temp_2,air_temp_3,pcpn_amt_pst1hr,rel_hum,max_rel_hum_pst1hr,min_rel_hum_pst1hr,avg_wnd_dir_10m_pst1hr,avg_wnd_spd_10m_pst1hr,obs_date_tm,wetblb_temp
POINT Z (-114.000258 51.109308 1082.87),3031094,2026-08-07T00:00:00.000Z,9.0,17.6,18.0,18.0,18.0,18.0,0,56,58,54,279.0,4.6,2026-08-07T00:00:00.000Z,12.6
POINT Z (-114.000258 51.109308 1082.87),3031094,2026-08-07T00:00:00.000Z,9.0,17.6,18.0,18.0,18.0,18.0,0,56,58,54,279.0,4.6,2026-08-07T00:00:00.000Z,12.6
POINT Z (-114.000258 51.109308 1082.87),3031094,2026-08-07T00:01:00.000Z,8.9,17.6,17.9,17.9,18.0,18.0,0,55,58,54,276.0,4.6,2026-08-07T00:01:00.000Z,12.5
POINT Z (-114.000258 51.109308 1082.87),3031094,2026-08-07T00:02:00.000Z,8.4,17.7,17.7,17.7,17.7,17.7,0,55,58,54,274.0,4.6,2026-08-07T00:02:00.000Z,12.2
POINT Z (-114.000258 51.109308 1082.87),3031094,2026-08-07T00:03:00.000Z,8.8,17.7,17.7,17.7,17.8,17.8,0,56,58,54,272.0,4.6,2026-08-07T00:03:00.000Z,12.4
POINT Z (-114.000258 51.109308 1082.87),3031094,2026-08-07T00:04:00.000Z,8.5,17.7,17.6,17.6,17.7,17.7,0,55,58,54,270.0,4.6,2026-08-07T00:04:00.000Z,12.2
POINT Z (-114.000258 51.109308 1082.87),3031094,2026-08-07T00:05:00.000Z,8.8,17.7,17.7,17.7,17.8,17.8,0,56,58,54,268.0,4.6,2026-08-07T00:05:00.000Z,12.4
POINT Z (-114.000258 51.109308 1082.87),3031094,2026-08-07T00:06:00.000Z,8.6,17.7,17.6,17.6,17.7,17.7,0,55,58,54,265.0,4.6,2026-08-07T00:06:00.000Z,12.3
POINT Z (-114.000258 51.109308 1082.87),3031094,2026-08-07T00:07:00.000Z,8.6,17.7,17.7,17.7,17.7,17.7,0,55,58,54,262.0,4.6,2026-08-07T00:07:00.000Z,12.3
POINT Z (-114.000258 51.109308 1082.87),3031094,2026-08-07T00:08:00.000Z,8.6,17.7,17.7,17.7,17.8,17.7,0,55,58,54,260.0,4.5,2026-08-07T00:08:00.000Z,12.3
POINT Z (-114.000258 51.109308 1082.87),3031094,2026-08-07T00:09:00.000Z,8.6,17.7,17.7,17.7,17.8,17.7,0,55,58,54,258.0,4.4,2026-08-07T00:09:00.000Z,12.3
POINT Z (-114.000258 51.109308 1082.87),3031094,2026-08-07T00:10:00.000Z,8.8,17.7,17.7,17.7,17.8,17.8,0,56,58,54,255.0,4.4,2026-08-07T00:10:00.000Z,12.4
POINT Z (-114.000258 51.109308 1082.87),3031094,2026-08-07T00:11:00.000Z,8.7,17.7,17.7,17.7,17.7,17.7,0,56,58,54,,4.3,2026-08-07T00:11:00.000Z,12.3
POINT Z (-114.000258 51.109308 1082.87),3031094,2026-08-07T00:12:00.000Z,8.8,17.7,17.7,17.7,17.7,17.7,0,56,58,54,251.0,4.3,2026-08-07T00:12:00.000Z,12.4
POINT Z (-114.000258 51.109308 1082.87),3031094,2026-08-07T00:13:00.000Z,8.7,17.7,17.6,17.6,17.7,17.7,0,56,58,54,250.0,4.4,2026-08-07T00:13:00.000Z,12.3
POINT Z (-114.000258 51.109308 1082.87),3031094,2026-08-07T00:14:00.000Z,8.8,17.7,17.7,17.7,17.8,17.7,0,56,58,54,249.0,4.5,2026-08-07T00:14:00.000Z,12.4
POINT Z (-114.000258 51.109308 1082.87),3031094,2026-08-07T00:15:00.000Z,8.6,17.7,17.7,17.7,17.7,17.7,0,55,58,54,248.0,4.5,2026-08-07T00:15:00.000Z,12.3
POINT Z (-114.000258 51.109308 1082.87),3031094,2026-08-07T00:16:00.000Z,8.6,17.7,17.6,17.6,17.7,17.7,0,55,58,54,246.0,4.5,2026-08-07T00:16:00.000Z,12.3
POINT Z (-114.000258 51.109308 1082.87),3031094,2026-08-07T00:17:00.000Z,8.7,17.7,17.7,17.7,17.8,17.8,0,56,58,54,247.0,4.5,2026-08-07T00:17:00.000Z,12.3
POINT Z (-114.000258 51.109308 1082.87),3031094,2026-08-07T00:18:00.000Z,9.0,17.7,17.8,17.8,17.9,17.9,0,56,58,54,246.0,4.5,2026-08-07T00:18:00.000Z,12.5
POINT Z (-114.000258 51.109308 1082.87),3031094,2026-08-07T00:20:00.000Z,8.7,17.7,17.9,17.9,17.9,17.9,0,55,58,54,242.0,4.5,2026-08-07T00:20:00.000Z,12.4
POINT Z (-114.000258 51.109308 1082.87),3031094,2026-08-07T00:21:00.000Z,8.6,17.7,17.8,17.8,17.9,17.9,0,55,57,54,239.0,4.5,2026-08-07T00:21:00.000Z,12.3
POINT Z (-114.000258 51.109308 1082.87),3031094,2026-08-07T00:22:00.000Z,8.7,17.7,17.8,17.8,17.9,17.9,0,55,57,54,237.0,4.5,2026-08-07T00:22:00.000Z,12.4
POINT Z (-114.000258 51.109308 1082.87),3031094,2026-08-07T00:23:00.000Z,8.6,17.7,17.8,17.8,17.9,17.9,0,55,57,54,235.0,4.5,2026-08-07T00:23:00.000Z,12.3
POINT Z (-114.000258 51.109308 1082.87),3031094,2026-08-07T00:24:00.000Z,8.7,17.7,17.9,17.9,17.9,17.9,0,55,57,54,234.0,4.5,2026-08-07T00:24:00.000Z,12.4
POINT Z (-114.000258 51.109308 1082.87),3031094,2026-08-07T00:25:00.000Z,8.5,17.7,17.8,17.8,17.8,17.8,0,55,57,54,,4.4,2026-08-07T00:25:00.000Z,12.3
POINT Z (-114.000258 51.109308 1082.87),3031094,2026-08-07T00:26:00.000Z,8.4,17.7,17.7,17.7,17.8,17.8,0,54,57,54,231.0,4.4,2026-08-07T00:26:00.000Z,12.2
POINT Z (-114.000258 51.109308 1082.87),3031094,2026-08-07T00:27:00.000Z,8.6,17.7,17.7,17.7,17.8,17.8,0,55,57,54,230.0,4.4,2026-08-07T00:27:00.000Z,12.3
POINT Z (-114.000258 51.109308 1082.87),3031094,2026-08-07T00:28:00.000Z,8.6,17.7,17.7,17.7,17.8,17.8,0,55,57,54,229.0,4.4,2026-08-07T00:28:00.000Z,12.3
POINT Z (-114.000258 51.109308 1082.87),3031094,2026-08-07T00:29:00.000Z,8.7,17.7,17.8,17.8,17.9,17.9,0,55,57,54,229.0,4.5,2026-08-07T00:29:00.000Z,12.4
POINT Z (-114.000258 51.109308 1082.87),3031094,2026-08-07T00:30:00.000Z,8.8,17.7,17.8,17.8,17.8,17.8,0,55,57,54,229.0,4.5,2026-08-07T00:30:00.000Z,12.4
POINT Z (-114.000258 51.109308 1082.87),3031094,2026-08-07T00:31:00.000Z,8.9,17.7,17.9,17.9,17.9,18.0,0,56,57,54,230.0,4.5,2026-08-07T00:31:00.000Z,12.5
POINT Z (-114.000258 51.109308 1082.87),3031094,2026-08-07T00:32:00.000Z,8.9,17.7,17.9,17.9,18.0,18.0,0,55,57,54,,4.5,2026-08-07T00:32:00.000Z,12.5
POINT Z (-114.000258 51.109308 1082.87),3031094,2026-08-07T00:33:00.000Z,9.0,17.7,17.9,17.9,18.0,18.0,0,56,57,54,,4.5,2026-08-07T00:33:00.000Z,12.6
POINT Z (-114.000258 51.109308 1082.87),3031094,2026-08-07T00:34:00.000Z,8.7,17.7,17.9,17.9,17.9,17.9,0,55,57,54,231.0,4.5,2026-08-07T00:34:00.000Z,12.4
POINT Z (-114.000258 51.109308 1082.87),3031094,2026-08-07T00:35:00.000Z,8.6,17.7,17.8,17.8,17.9,17.8,0,55,57,54,230.0,4.5,2026-08-07T00:35:00.000Z,12.3
POINT Z (-114.000258 51.109308 1082.87),3031094,2026-08-07T00:36:00.000Z,8.8,17.7,17.8,17.8,17.9,17.9,0,56,57,54,230.0,4.4,2026-08-07T00:36:00.000Z,12.4
POINT Z (-114.000258 51.109308 1082.87),3031094,2026-08-07T00:37:00.000Z,9.3,17.8,17.9,17.9,18.0,18.0,0,57,57,54,230.0,4.3,2026-08-07T00:37:00.000Z,12.7
POINT Z (-114.000258 51.109308 1082.87),3031094,2026-08-07T00:38:00.000Z,8.9,17.8,17.8,17.8,17.9,17.9,0,56,57,54,230.0,4.2,2026-08-07T00:38:00.000Z,12.5
POINT Z (-114.000258 51.109308 1082.87),3031094,2026-08-07T00:39:00.000Z,9.0,17.8,17.8,17.8,17.9,17.9,0,56,57,54,230.0,4.2,2026-08-07T00:39:00.000Z,12.5
POINT Z (-114.000258 51.109308 1082.87),3031094,2026-08-07T00:40:00.000Z,8.9,17.8,17.8,17.8,17.8,17.8,0,56,57,54,231.0,4.2,2026-08-07T00:40:00.000Z,12.5
POINT Z (-114.000258 51.109308 1082.87),3031094,2026-08-07T00:41:00.000Z,8.7,17.8,17.7,17.7,17.8,17.8,0,55,57,54,231.0,4.2,2026-08-07T00:41:00.000Z,12.3
POINT Z (-114.000258 51.109308 1082.87),3031094,2026-08-07T00:42:00.000Z,9.1,17.8,17.8,17.8,17.9,17.9,0,57,57,54,232.0,4.2,2026-08-07T00:42:00.000Z,12.6
POINT Z (-114.000258 51.109308 1082.87),3031094,2026-08-07T00:43:00.000Z,8.9,17.8,17.7,17.7,17.8,17.8,0,56,57,54,233.0,4.2,2026-08-07T00:43:00.000Z,12.4
POINT Z (-114.000258 51.109308 1082.87),3031094,2026-08-07T00:44:00.000Z,8.9,17.8,17.8,17.8,17.9,17.9,0,56,57,54,235.0,4.2,2026-08-07T00:44:00.000Z,12.5
POINT Z (-114.000258 51.109308 1082.87),3031094,2026-08-07T00:45:00.000Z,8.5,17.8,17.8,17.8,17.8,17.8,0,55,57,54,236.0,4.2,2026-08-07T00:45:00.000Z,12.3
POINT Z (-114.000258 51.109308 1082.87),3031094,2026-08-07T00:46:00.000Z,8.7,17.8,17.8,17.8,17.9,17.9,0,55,57,54,237.0,4.2,2026-08-07T00:46:00.000Z,12.4
POINT Z (-114.000258 51.109308 1082.87),3031094,2026-08-07T00:47:00.000Z,9.2,17.8,18.0,18.0,18.1,18.1,0,56,57,54,236.0,4.3,2026-08-07T00:47:00.000Z,12.7
POINT Z (-114.000258 51.109308 1082.87),3031094,2026-08-07T00:48:00.000Z,8.9,17.8,18.0,18.0,18.0,18.0,0,55,57,54,236.0,4.4,2026-08-07T00:48:00.000Z,12.5
POINT Z (-114.000258 51.109308 1082.87),3031094,2026-08-07T00:49:00.000Z,8.5,17.8,17.9,17.9,17.9,17.9,0,54,57,54,236.0,4.4,2026-08-07T00:49:00.000Z,12.3
POINT Z (-114.000258 51.109308 1082.87),3031094,2026-08-07T00:50:00.000Z,8.8,17.8,17.8,17.8,17.9,17.9,0,55,57,54,237.0,4.5,2026-08-07T00:50:00.000Z,12.4
POINT Z (-114.000258 51.109308 1082.87),3031094,2026-08-07T00:51:00.000Z,8.7,17.8,17.9,17.9,17.9,17.9,0,55,57,54,237.0,4.5,2026-08-07T00:51:00.000Z,12.4
POINT Z (-114.000258 51.109308 1082.87),3031094,2026-08-07T00:52:00.000Z,8.6,17.8,17.8,17.8,17.9,17.9,0,55,57,54,238.0,4.5,2026-08-07T00:52:00.000Z,12.3
POINT Z (-114.000258 51.109308 1082.87),3031094,2026-08-07T00:53:00.000Z,8.7,17.8,17.8,17.8,17.9,17.9,0,55,57,54,239.0,4.5,2026-08-07T00:53:00.000Z,12.4
POINT Z (-114.000258 51.109308 1082.87),3031094,2026-08-07T00:54:00.000Z,9.0,17.8,17.9,17.9,18.0,18.0,0,56,57,54,240.0,4.6,2026-08-07T00:54:00.000Z,12.6
POINT Z (-114.000258 51.109308 1082.87),3031094,2026-08-07T00:55:00.000Z,8.9,17.8,17.9,17.9,17.9,17.9,0,56,57,54,241.0,4.7,2026-08-07T00:55:00.000Z,12.5
POINT Z (-114.000258 51.109308 1082.87),3031094,2026-08-07T00:56:00.000Z,8.9,17.8,17.8,17.8,17.9,17.9,0,56,57,54,241.0,4.8,2026-08-07T00:56:00.000Z,12.5
POINT Z (-114.000258 51.109308 1082.87),3031094,2026-08-07T00:57:00.000Z,9.0,17.8,17.8,17.8,17.9,17.9,0,56,57,54,242.0,5.0,2026-08-07T00:57:00.000Z,12.5
POINT Z (-114.000258 51.109308 1082.87),3031094,2026-08-07T00:58:00.000Z,9.0,17.8,17.8,17.8,17.9,17.9,0,56,57,54,243.0,5.0,2026-08-07T00:58:00.000Z,12.5
POINT Z (-114.000258 51.109308 1082.87),3031094,2026-08-07T00:59:00.000Z,8.7,17.8,17.8,17.8,17.8,17.8,0,55,57,54,244.0,5.1,2026-08-07T00:59:00.000Z,12.3
POINT Z (-114.000258 51.109308 1082.87),3031094,2026-08-07T01:00:00.000Z,8.8,17.8,17.7,17.7,17.8,17.8,0,56,57,54,244.0,5.1,2026-08-07T01:00:00.000Z,12.4
POINT Z (-114.000258 51.109308 1082.87),3031094,2026-08-07T01:00:00.000Z,8.8,17.8,17.7,17.7,17.8,17.8,0,56,57,54,244.0,5.1,2026-08-07T01:00:00.000Z,12.4
POINT Z (-114.000258 51.109308 1082.87),3031094,2026-08-07T01:01:00.000Z,9.0,17.8,17.8,17.8,17.9,17.8,0,57,57,54,245.0,5.1,2026-08-07T01:01:00.000Z,12.5
POINT Z (-114.000258 51.109308 1082.87),3031094,2026-08-07T01:02:00.000Z,9.1,17.8,17.9,17.9,17.9,17.9,0,56,57,54,246.0,5.2,2026-08-07T01:02:00.000Z,12.6
POINT Z (-114.000258 51.109308 1082.87),3031094,2026-08-07T01:03:00.000Z,8.7,17.8,17.8,17.8,17.8,17.8,0,55,57,54,246.0,5.2,2026-08-07T01:03:00.000Z,12.3
POINT Z (-114.000258 51.109308 1082.87),3031094,2026-08-07T01:04:00.000Z,8.8,17.8,17.8,17.8,17.8,17.8,0,56,57,54,247.0,5.3,2026-08-07T01:04:00.000Z,12.4
POINT Z (-114.000258 51.109308 1082.87),3031094,2026-08-07T01:05:00.000Z,8.8,17.8,17.8,17.8,17.8,17.8,0,56,57,54,248.0,5.2,2026-08-07T01:05:00.000Z,12.4
POINT Z (-114.000258 51.109308 1082.87),3031094,2026-08-07T01:06:00.000Z,8.8,17.8,17.8,17.8,17.8,17.8,0,56,57,54,249.0,5.3,2026-08-07T01:06:00.000Z,12.4
POINT Z (-114.000258 51.109308 1082.87),3031094,2026-08-07T01:07:00.000Z,8.7,17.8,17.7,17.7,17.8,17.8,0,55,57,54,250.0,5.4,2026-08-07T01:07:00.000Z,12.3
POINT Z (-114.000258 51.109308 1082.87),3031094,2026-08-07T01:08:00.000Z,8.8,17.8,17.7,17.7,17.8,17.8,0,56,57,54,252.0,5.4,2026-08-07T01:08:00.000Z,12.4
POINT Z (-114.000258 51.109308 1082.87),3031094,2026-08-07T01:09:00.000Z,8.9,17.8,17.8,17.8,17.8,17.8,0,56,57,54,252.0,5.4,2026-08-07T01:09:00.000Z,12.5
POINT Z (-114.000258 51.109308 1082.87),3031094,2026-08-07T01:10:00.000Z,8.9,17.8,17.8,17.8,17.8,17.8,0,56,57,54,253.0,5.4,2026-08-07T01:10:00.000Z,12.4
POINT Z (-114.000258 51.109308 1082.87),3031094,2026-08-07T01:11:00.000Z,8.7,17.8,17.7,17.7,17.7,17.7,0,56,57,54,253.0,5.4,2026-08-07T01:11:00.000Z,12.3
POINT Z (-114.000258 51.109308 1082.87),3031094,2026-08-07T01:12:00.000Z,8.6,17.8,17.7,17.7,17.7,17.7,0,55,57,54,253.0,5.4,2026-08-07T01:12:00.000Z,12.3
POINT Z (-114.000258 51.109308 1082.87),3031094,2026-08-07T01:13:00.000Z,8.8,17.8,17.8,17.8,17.8,17.8,0,56,57,54,252.0,5.4,2026-08-07T01:13:00.000Z,12.4
POINT Z (-114.000258 51.109308 1082.87),3031094,2026-08-07T01:14:00.000Z,9.0,17.8,17.8,17.8,17.9,17.9,0,56,57,54,252.0,5.3,2026-08-07T01:14:00.000Z,12.5
POINT Z (-114.000258 51.109308 1082.87),3031094,2026-08-07T01:15:00.000Z,9.0,17.8,17.9,17.9,17.9,17.9,0,56,57,54,251.0,5.3,2026-08-07T01:15:00.000Z,12.5
POINT Z (-114.000258 51.109308 1082.87),3031094,2026-08-07T01:16:00.000Z,9.2,17.8,17.9,17.9,18.0,18.0,0,57,57,54,250.0,5.4,2026-08-07T01:16:00.000Z,12.7
POINT Z (-114.000258 51.109308 1082.87),3031094,2026-08-07T01:17:00.000Z,8.7,17.8,17.9,17.9,17.9,17.9,0,55,57,54,249.0,5.5,2026-08-07T01:17:00.000Z,12.4
POINT Z (-114.000258 51.109308 1082.87),3031094,2026-08-07T01:18:00.000Z,8.7,17.8,17.8,17.8,17.9,17.9,0,55,57,54,249.0,5.5,2026-08-07T01:18:00.000Z,12.4
POINT Z (-114.000258 51.109308 1082.87),3031094,2026-08-07T01:19:00.000Z,8.8,17.8,17.8,17.8,17.9,17.9,0,55,57,54,249.0,5.6,2026-08-07T01:19:00.000Z,12.4
POINT Z (-114.000258 51.109308 1082.87),3031094,2026-08-07T01:20:00.000Z,8.6,17.8,17.8,17.8,17.9,17.9,0,55,57,54,250.0,5.5,2026-08-07T01:20:00.000Z,12.3
POINT Z (-114.000258 51.109308 1082.87),3031094,2026-08-07T01:21:00.000Z,8.6,17.8,17.9,17.9,18.0,18.0,0,55,57,54,251.0,5.5,2026-08-07T01:21:00.000Z,12.4
POINT Z (-114.000258 51.109308 1082.87),3031094,2026-08-07T01:22:00.000Z,8.8,17.8,18.1,18.1,18.2,18.2,0,54,57,54,252.0,5.4,2026-08-07T01:22:00.000Z,12.5
POINT Z (-114.000258 51.109308 1082.87),3031094,2026-08-07T01:23:00.000Z,9.0,17.8,18.2,18.2,18.2,18.3,0,55,57,54,253.0,5.4,2026-08-07T01:23:00.000Z,12.7
POINT Z (-114.000258 51.109308 1082.87),3031094,2026-08-07T01:24:00.000Z,8.7,17.8,18.1,18.1,18.2,18.2,0,54,57,54,254.0,5.3,2026-08-07T01:24:00.000Z,12.5
POINT Z (-114.000258 51.109308 1082.87),3031094,2026-08-07T01:25:00.000Z,8.6,17.8,18.1,18.1,18.1,18.1,0,54,57,54,255.0,5.3,2026-08-07T01:25:00.000Z,12.4
POINT Z (-114.000258 51.109308 1082.87),3031094,2026-08-07T01:26:00.000Z,8.6,17.8,18.0,18.0,18.0,18.0,0,54,57,54,258.0,5.3,2026-08-07T01:26:00.000Z,12.4
POINT Z (-114.000258 51.109308 1082.87),3031094,2026-08-07T01:27:00.000Z,9.1,17.9,17.9,17.9,17.9,17.9,0,57,57,54,258.0,5.2,2026-08-07T01:27:00.000Z,12.6
POINT Z (-114.000258 51.109308 1082.87),3031094,2026-08-07T01:28:00.000Z,8.9,17.9,18.0,18.0,18.0,18.0,0,56,57,54,259.0,5.2,2026-08-07T01:28:00.000Z,12.5
POINT Z (-114.000258 51.109308 1082.87),3031094,2026-08-07T01:29:00.000Z,8.7,17.9,18.0,18.0,18.0,18.0,0,55,57,54,260.0,5.2,2026-08-07T01:29:00.000Z,12.4
POINT Z (-114.000258 51.109308 1082.87),3031094,2026-08-07T01:30:00.000Z,9.0,17.9,18.0,18.0,18.1,18.1,0,56,57,54,260.0,5.2,2026-08-07T01:30:00.000Z,12.6
POINT Z (-114.000258 51.109308 1082.87),3031094,2026-08-07T01:31:00.000Z,8.7,17.9,17.9,17.9,18.0,18.0,0,55,57,54,259.0,5.2,2026-08-07T01:31:00.000Z,12.4
POINT Z (-114.000258 51.109308 1082.87),3031094,2026-08-07T01:32:00.000Z,8.7,17.9,17.9,17.9,17.9,17.9,0,55,57,54,259.0,5.2,2026-08-07T01:32:00.000Z,12.4
POINT Z (-114.000258 51.109308 1082.87),3031094,2026-08-07T01:33:00.000Z,8.9,17.9,18.0,18.0,18.0,18.0,0,55,57,54,258.0,5.2,2026-08-07T01:33:00.000Z,12.5
POINT Z (-114.000258 51.109308 1082.87),3031094,2026-08-07T01:34:00.000Z,9.1,17.9,18.0,18.0,18.0,18.0,0,56,57,54,258.0,5.2,2026-08-07T01:34:00.000Z,12.6
POINT Z (-114.000258 51.109308 1082.87),3031094,2026-08-07T01:35:00.000Z,9.0,17.9,17.9,17.9,18.0,17.9,0,56,57,54,258.0,5.3,2026-08-07T01:35:00.000Z,12.6
POINT Z (-114.000258 51.109308 1082.87),3031094,2026-08-07T01:36:00.000Z,9.1,17.9,17.8,17.8,17.9,17.9,0,56,57,54,257.0,5.3,2026-08-07T01:36:00.000Z,12.6
POINT Z (-114.000258 51.109308 1082.87),3031094,2026-08-07T01:37:00.000Z,9.1,17.9,17.8,17.8,17.9,17.8,0,57,57,54,255.0,5.3,2026-08-07T01:37:00.000Z,12.6
POINT Z (-114.000258 51.109308 1082.87),3031094,2026-08-07T01:38:00.000Z,9.1,17.9,17.8,17.8,17.9,17.8,0,57,57,54,254.0,5.4,2026-08-07T01:38:00.000Z,12.6
POINT Z (-114.000258 51.109308 1082.87),3031094,2026-08-07T01:39:00.000Z,9.0,17.9,17.7,17.7,17.7,17.7,0,57,57,54,252.0,5.5,2026-08-07T01:39:00.000Z,12.5
POINT Z (-114.000258 51.109308 1082.87),3031094,2026-08-07T01:40:00.000Z,8.9,17.9,17.6,17.6,17.7,17.6,0,57,57,54,250.0,5.6,2026-08-07T01:40:00.000Z,12.4
POINT Z (-114.000258 51.109308 1082.87),3031094,2026-08-07T01:41:00.000Z,8.9,17.9,17.6,17.6,17.7,17.6,0,57,57,54,,5.6,2026-08-07T01:41:00.000Z,12.4
POINT Z (-114.000258 51.109308 1082.87),3031094,2026-08-07T01:42:00.000Z,8.9,17.9,17.6,17.6,17.6,17.6,0,57,57,54,,5.7,2026-08-07T01:42:00.000Z,12.4
POINT Z (-114.000258 51.109308 1082.87),3031094,2026-08-07T01:43:00.000Z,8.9,17.9,17.5,17.5,17.6,17.6,0,57,57,54,,5.9,2026-08-07T01:43:00.000Z,12.4
POINT Z (-114.000258 51.109308 1082.87),3031094,2026-08-07T01:44:00.000Z,9.0,17.8,17.5,17.5,17.5,17.5,0,57,57,54,243.0,6.1,2026-08-07T01:44:00.000Z,12.4
POINT Z (-114.000258 51.109308 1082.87),3031094,2026-08-07T01:45:00.000Z,9.0,17.8,17.5,17.5,17.5,17.5,0,57,57,54,242.0,6.3,2026-08-07T01:45:00.000Z,12.4
POINT Z (-114.000258 51.109308 1082.87),3031094,2026-08-07T01:46:00.000Z,8.9,17.8,17.4,17.4,17.5,17.5,0,57,57,54,240.0,6.5,2026-08-07T01:46:00.000Z,12.3
POINT Z (-114.000258 51.109308 1082.87),3031094,2026-08-07T01:47:00.000Z,9.0,17.8,17.4,17.4,17.5,17.5,0,58,58,54,239.0,6.6,2026-08-07T01:47:00.000Z,12.4
POINT Z (-114.000258 51.109308 1082.87),3031094,2026-08-07T01:48:00.000Z,9.1,17.8,17.4,17.4,17.5,17.5,0,58,58,54,238.0,6.7,2026-08-07T01:48:00.000Z,12.4
POINT Z (-114.000258 51.109308 1082.87),3031094,2026-08-07T01:49:00.000Z,9.0,17.8,17.4,17.4,17.5,17.5,0,58,58,54,236.0,6.8,2026-08-07T01:49:00.000Z,12.4
POINT Z (-114.000258 51.109308 1082.87),3031094,2026-08-07T01:50:00.000Z,9.0,17.8,17.4,17.4,17.4,17.4,0,58,58,54,235.0,6.9,2026-08-07T01:50:00.000Z,12.4
POINT Z (-114.000258 51.109308 1082.87),3031094,2026-08-07T01:51:00.000Z,8.9,17.8,17.4,17.4,17.5,17.5,0,58,58,54,234.0,6.9,2026-08-07T01:51:00.000Z,12.3
POINT Z (-114.000258 51.109308 1082.87),3031094,2026-08-07T01:52:00.000Z,8.9,17.8,17.4,17.4,17.5,17.5,0,57,58,54,233.0,6.9,2026-08-07T01:52:00.000Z,12.3
POINT Z (-114.000258 51.109308 1082.87),3031094,2026-08-07T01:53:00.000Z,9.1,17.8,17.4,17.4,17.5,17.5,0,58,58,54,232.0,6.9,2026-08-07T01:53:00.000Z,12.4
POINT Z (-114.000258 51.109308 1082.87),3031094,2026-08-07T01:54:00.000Z,9.2,17.8,17.4,17.4,17.5,17.5,0,58,58,54,232.0,6.9,2026-08-07T01:54:00.000Z,12.5
POINT Z (-114.000258 51.109308 1082.87),3031094,2026-08-07T01:55:00.000Z,9.2,17.8,17.4,17.4,17.4,17.4,0,59,59,54,232.0,6.9,2026-08-07T01:55:00.000Z,12.4
POINT Z (-114.000258 51.109308 1082.87),3031094,2026-08-07T01:56:00.000Z,9.3,17.7,17.3,17.3,17.3,17.3,0,59,59,54,231.0,6.9,2026-08-07T01:56:00.000Z,12.5
POINT Z (-114.000258 51.109308 1082.87),3031094,2026-08-07T01:57:00.000Z,9.2,17.7,17.3,17.3,17.3,17.3,0,59,59,54,231.0,6.8,2026-08-07T01:57:00.000Z,12.4
POINT Z (-114.000258 51.109308 1082.87),3031094,2026-08-07T01:58:00.000Z,9.1,17.7,17.3,17.3,17.3,17.3,0,59,59,54,230.0,6.9,2026-08-07T01:58:00.000Z,12.4
POINT Z (-114.000258 51.109308 1082.87),3031094,2026-08-07T01:59:00.000Z,9.1,17.7,17.2,17.2,17.3,17.3,0,59,59,54,230.0,6.9,2026-08-07T01:59:00.000Z,12.4
POINT Z (-114.000258 51.109308 1082.87),3031094,2026-08-07T02:00:00.000Z,9.2,17.7,17.2,17.2,17.2,17.2,0,60,60,54,230.0,6.9,2026-08-07T02:00:00.000Z,12.4
POINT Z (-114.000258 51.109308 1082.87),3031094,2026-08-07T02:00:00.000Z,9.2,17.7,17.2,17.2,17.2,17.2,0,60,60,54,230.0,6.9,2026-08-07T02:00:00.000Z,12.4
POINT Z (-114.000258 51.109308 1082.87),3031094,2026-08-07T02:01:00.000Z,9.2,17.7,17.1,17.1,17.2,17.2,0,60,60,54,229.0,7.0,2026-08-07T02:01:00.000Z,12.4
POINT Z (-114.000258 51.109308 1082.87),3031094,2026-08-07T02:02:00.000Z,9.1,17.7,17.1,17.1,17.2,17.2,0,59,60,54,228.0,7.0,2026-08-07T02:02:00.000Z,12.3
POINT Z (-114.000258 51.109308 1082.87),3031094,2026-08-07T02:03:00.000Z,9.1,17.7,17.1,17.1,17.2,17.2,0,59,60,54,228.0,7.0,2026-08-07T02:03:00.000Z,12.3
POINT Z (-114.000258 51.109308 1082.87),3031094,2026-08-07T02:04:00.000Z,9.0,17.7,17.1,17.1,17.2,17.2,0,59,60,54,227.0,7.0,2026-08-07T02:04:00.000Z,12.3
POINT Z (-114.000258 51.109308 1082.87),3031094,2026-08-07T02:05:00.000Z,9.1,17.7,17.1,17.1,17.2,17.1,0,59,60,54,227.0,7.1,2026-08-07T02:05:00.000Z,12.3
POINT Z (-114.000258 51.109308 1082.87),3031094,2026-08-07T02:06:00.000Z,9.2,17.6,17.0,17.0,17.1,17.1,0,60,60,54,226.0,7.1,2026-08-07T02:06:00.000Z,12.3
POINT Z (-114.000258 51.109308 1082.87),3031094,2026-08-07T02:07:00.000Z,9.1,17.6,17.0,17.0,17.1,17.1,0,60,60,54,226.0,7.1,2026-08-07T02:07:00.000Z,12.3
POINT Z (-114.000258 51.109308 1082.87),3031094,2026-08-07T02:08:00.000Z,9.1,17.6,17.0,17.0,17.1,17.1,0,60,60,54,225.0,7.2,2026-08-07T02:08:00.000Z,12.3
POINT Z (-114.000258 51.109308 1082.87),3031094,2026-08-07T02:09:00.000Z,9.0,17.6,17.1,17.1,17.1,17.1,0,59,60,54,225.0,7.2,2026-08-07T02:09:00.000Z,12.2
POINT Z (-114.000258 51.109308 1082.87),3031094,2026-08-07T02:10:00.000Z,9.1,17.6,17.0,17.0,17.1,17.0,0,60,60,54,224.0,7.2,2026-08-07T02:10:00.000Z,12.3
POINT Z (-114.000258 51.109308 1082.87),3031094,2026-08-07T02:11:00.000Z,9.1,17.6,17.0,17.0,17.0,17.0,0,60,60,54,224.0,7.2,2026-08-07T02:11:00.000Z,12.3
POINT Z (-114.000258 51.109308 1082.87),3031094,2026-08-07T02:12:00.000Z,9.2,17.6,16.9,16.9,17.0,17.0,0,60,60,54,224.0,7.3,2026-08-07T02:12:00.000Z,12.3
POINT Z (-114.000258 51.109308 1082.87),3031094,2026-08-07T02:13:00.000Z,9.2,17.6,16.9,16.9,16.9,16.9,0,60,60,54,225.0,7.4,2026-08-07T02:13:00.000Z,12.3
POINT Z (-114.000258 51.109308 1082.87),3031094,2026-08-07T02:14:00.000Z,9.2,17.5,16.9,16.9,16.9,16.9,0,60,60,54,225.0,7.5,2026-08-07T02:14:00.000Z,12.3
POINT Z (-114.000258 51.109308 1082.87),3031094,2026-08-07T02:15:00.000Z,9.1,17.5,16.9,16.9,17.0,16.9,0,60,60,54,225.0,7.6,2026-08-07T02:15:00.000Z,12.2
POINT Z (-114.000258 51.109308 1082.87),3031094,2026-08-07T02:16:00.000Z,9.1,17.5,16.9,16.9,16.9,16.9,0,60,60,54,225.0,7.6,2026-08-07T02:16:00.000Z,12.2
POINT Z (-114.000258 51.109308 1082.87),3031094,2026-08-07T02:17:00.000Z,9.1,17.5,16.9,16.9,16.9,16.9,0,60,60,54,226.0,7.6,2026-08-07T02:17:00.000Z,12.2
POINT Z (-114.000258 51.109308 1082.87),3031094,2026-08-07T02:18:00.000Z,9.1,17.5,16.8,16.8,16.8,16.8,0,61,61,54,226.0,7.6,2026-08-07T02:18:00.000Z,12.2
POINT Z (-114.000258 51.109308 1082.87),3031094,2026-08-07T02:19:00.000Z,9.2,17.5,16.7,16.7,16.8,16.8,0,61,61,54,227.0,7.7,2026-08-07T02:19:00.000Z,12.2
POINT Z (-114.000258 51.109308 1082.87),3031094,2026-08-07T02:20:00.000Z,9.2,17.4,16.7,16.7,16.8,16.8,0,61,61,54,228.0,7.8,2026-08-07T02:20:00.000Z,12.2
POINT Z (-114.000258 51.109308 1082.87),3031094,2026-08-07T02:21:00.000Z,9.2,17.4,16.8,16.8,16.8,16.8,0,61,61,54,228.0,7.9,2026-08-07T02:21:00.000Z,12.2
POINT Z (-114.000258 51.109308 1082.87),3031094,2026-08-07T02:22:00.000Z,9.2,17.4,16.7,16.7,16.8,16.7,0,61,61,54,228.0,8.0,2026-08-07T02:22:00.000Z,12.2
POINT Z (-114.000258 51.109308 1082.87),3031094,2026-08-07T02:23:00.000Z,9.2,17.4,16.6,16.6,16.7,16.6,0,62,62,54,227.0,8.1,2026-08-07T02:23:00.000Z,12.2
POINT Z (-114.000258 51.109308 1082.87),3031094,2026-08-07T02:24:00.000Z,9.3,17.3,16.5,16.5,16.5,16.5,0,63,63,54,228.0,8.3,2026-08-07T02:24:00.000Z,12.2
POINT Z (-114.000258 51.109308 1082.87),3031094,2026-08-07T02:25:00.000Z,9.4,17.3,16.4,16.4,16.5,16.5,0,63,63,54,228.0,8.4,2026-08-07T02:25:00.000Z,12.2
POINT Z (-114.000258 51.109308 1082.87),3031094,2026-08-07T02:26:00.000Z,9.4,17.3,16.3,16.3,16.4,16.4,0,63,63,54,227.0,8.5,2026-08-07T02:26:00.000Z,12.2
POINT Z (-114.000258 51.109308 1082.87),3031094,2026-08-07T02:27:00.000Z,9.4,17.3,16.3,16.3,16.4,16.4,0,64,64,55,227.0,8.6,2026-08-07T02:27:00.000Z,12.2
POINT Z (-114.000258 51.109308 1082.87),3031094,2026-08-07T02:28:00.000Z,9.4,17.2,16.3,16.3,16.3,16.3,0,64,64,55,227.0,8.7,2026-08-07T02:28:00.000Z,12.1
POINT Z (-114.000258 51.109308 1082.87),3031094,2026-08-07T02:29:00.000Z,9.4,17.2,16.2,16.2,16.3,16.2,0,64,64,55,227.0,8.8,2026-08-07T02:29:00.000Z,12.1
POINT Z (-114.000258 51.109308 1082.87),3031094,2026-08-07T02:30:00.000Z,9.4,17.2,16.2,16.2,16.2,16.2,0,64,64,55,227.0,8.8,2026-08-07T02:30:00.000Z,12.1
POINT Z (-114.000258 51.109308 1082.87),3031094,2026-08-07T02:31:00.000Z,9.4,17.1,16.1,16.1,16.2,16.1,0,65,65,55,227.0,8.9,2026-08-07T02:31:00.000Z,12.1
POINT Z (-114.000258 51.109308 1082.87),3031094,2026-08-07T02:32:00.000Z,9.5,17.1,16.1,16.1,16.2,16.1,0,65,65,55,227.0,9.0,2026-08-07T02:32:00.000Z,12.1
POINT Z (-114.000258 51.109308 1082.87),3031094,2026-08-07T02:33:00.000Z,9.5,17.1,16.1,16.1,16.1,16.1,0,65,65,55,226.0,9.1,2026-08-07T02:33:00.000Z,12.1
POINT Z (-114.000258 51.109308 1082.87),3031094,2026-08-07T02:34:00.000Z,9.5,17.0,16.0,16.0,16.1,16.0,0,66,66,56,226.0,9.2,2026-08-07T02:34:00.000Z,12.1
POINT Z (-114.000258 51.109308 1082.87),3031094,2026-08-07T02:35:00.000Z,9.6,17.0,16.0,16.0,16.0,16.0,0,66,66,56,226.0,9.2,2026-08-07T02:35:00.000Z,12.1
POINT Z (-114.000258 51.109308 1082.87),3031094,2026-08-07T02:36:00.000Z,9.6,17.0,16.0,16.0,16.1,16.0,0,66,66,56,227.0,9.3,2026-08-07T02:36:00.000Z,12.1
POINT Z (-114.000258 51.109308 1082.87),3031094,2026-08-07T02:37:00.000Z,9.6,17.0,16.0,16.0,16.1,16.0,0,66,66,56,227.0,9.4,2026-08-07T02:37:00.000Z,12.1
POINT Z (-114.000258 51.109308 1082.87),3031094,2026-08-07T02:38:00.000Z,9.6,16.9,16.0,16.0,16.1,16.1,0,66,66,56,227.0,9.4,2026-08-07T02:38:00.000Z,12.2
POINT Z (-114.000258 51.109308 1082.87),3031094,2026-08-07T02:39:00.000Z,9.6,16.9,16.0,16.0,16.0,16.0,0,66,66,56,227.0,9.4,2026-08-07T02:39:00.000Z,12.1
POINT Z (-114.000258 51.109308 1082.87),3031094,2026-08-07T02:40:00.000Z,9.6,16.9,16.0,16.0,16.0,16.0,0,66,66,57,228.0,9.4,2026-08-07T02:40:00.000Z,12.1
POINT Z (-114.000258 51.109308 1082.87),3031094,2026-08-07T02:41:00.000Z,9.6,16.8,15.9,15.9,15.9,15.9,0,66,66,57,228.0,9.5,2026-08-07T02:41:00.000Z,12.1
POINT Z (-114.000258 51.109308 1082.87),3031094,2026-08-07T02:42:00.000Z,9.6,16.8,15.9,15.9,15.9,15.9,0,67,67,57,229.0,9.4,2026-08-07T02:42:00.000Z,12.1
POINT Z (-114.000258 51.109308 1082.87),3031094,2026-08-07T02:43:00.000Z,9.6,16.8,15.7,15.7,15.8,15.8,0,67,67,57,230.0,9.3,2026-08-07T02:43:00.000Z,12.0
POINT Z (-114.000258 51.109308 1082.87),3031094,2026-08-07T02:44:00.000Z,9.6,16.7,15.7,15.7,15.8,15.7,0,67,67,57,230.0,9.3,2026-08-07T02:44:00.000Z,12.0
POINT Z (-114.000258 51.109308 1082.87),3031094,2026-08-07T02:45:00.000Z,9.7,16.7,15.8,15.8,15.8,15.8,0,67,67,57,231.0,9.2,2026-08-07T02:45:00.000Z,12.1
POINT Z (-114.000258 51.109308 1082.87),3031094,2026-08-07T02:46:00.000Z,9.7,16.7,15.8,15.8,15.8,15.8,0,67,67,57,231.0,9.2,2026-08-07T02:46:00.000Z,12.1
POINT Z (-114.000258 51.109308 1082.87),3031094,2026-08-07T02:47:00.000Z,9.7,16.7,15.8,15.8,15.8,15.8,0,67,67,57,232.0,9.2,2026-08-07T02:47:00.000Z,12.1
POINT Z (-114.000258 51.109308 1082.87),3031094,2026-08-07T02:48:00.000Z,9.7,16.6,15.7,15.7,15.8,15.8,0,67,67,57,232.0,9.2,2026-08-07T02:48:00.000Z,12.1
POINT Z (-114.000258 51.109308 1082.87),3031094,2026-08-07T02:49:00.000Z,9.6,16.6,15.7,15.7,15.7,15.7,0,67,67,57,233.0,9.2,2026-08-07T02:49:00.000Z,12.0
POINT Z (-114.000258 51.109308 1082.87),3031094,2026-08-07T02:50:00.000Z,9.6,16.6,15.6,15.6,15.6,15.6,0,67,67,57,233.0,9.2,2026-08-07T02:50:00.000Z,12.0
POINT Z (-114.000258 51.109308 1082.87),3031094,2026-08-07T02:51:00.000Z,9.6,16.5,15.6,15.6,15.6,15.6,0,68,68,57,234.0,9.3,2026-08-07T02:51:00.000Z,12.0
POINT Z (-114.000258 51.109308 1082.87),3031094,2026-08-07T02:52:00.000Z,9.6,16.5,15.5,15.5,15.5,15.5,0,68,68,57,234.0,9.3,2026-08-07T02:52:00.000Z,12.0
POINT Z (-114.000258 51.109308 1082.87),3031094,2026-08-07T02:53:00.000Z,9.6,16.5,15.4,15.4,15.5,15.4,0,68,68,58,235.0,9.4,2026-08-07T02:53:00.000Z,11.9
POINT Z (-114.000258 51.109308 1082.87),3031094,2026-08-07T02:54:00.000Z,9.7,16.5,15.5,15.5,15.5,15.5,0,68,68,58,235.0,9.4,2026-08-07T02:54:00.000Z,12.0
POINT Z (-114.000258 51.109308 1082.87),3031094,2026-08-07T02:55:00.000Z,9.7,16.4,15.5,15.5,15.5,15.5,0,68,68,59,236.0,9.5,2026-08-07T02:55:00.000Z,12.0
POINT Z (-114.000258 51.109308 1082.87),3031094,2026-08-07T02:56:00.000Z,9.7,16.4,15.5,15.5,15.5,15.5,0,68,68,59,236.0,9.5,2026-08-07T02:56:00.000Z,12.0
POINT Z (-114.000258 51.109308 1082.87),3031094,2026-08-07T02:57:00.000Z,9.7,16.4,15.5,15.5,15.5,15.5,0,68,68,59,237.0,9.5,2026-08-07T02:57:00.000Z,12.0
POINT Z (-114.000258 51.109308 1082.87),3031094,2026-08-07T02:58:00.000Z,9.7,16.3,15.5,15.5,15.5,15.5,0,68,68,59,237.0,9.5,2026-08-07T02:58:00.000Z,12.0
POINT Z (-114.000258 51.109308 1082.87),3031094,2026-08-07T02:59:00.000Z,9.7,16.3,15.5,15.5,15.5,15.5,0,68,68,59,237.0,9.5,2026-08-07T02:59:00.000Z,12.0
POINT Z (-114.000258 51.109308 1082.87),3031094,2026-08-07T03:00:00.000Z,9.5,16.3,15.3,15.3,15.4,15.3,0,68,68,59,238.0,9.5,2026-08-07T03:00:00.000Z,11.8
POINT Z (-114.000258 51.109308 1082.87),3031094,2026-08-07T03:00:00.000Z,9.5,16.3,15.3,15.3,15.4,15.3,0,68,68,59,238.0,9.5,2026-08-07T03:00:00.000Z,11.8
POINT Z (-114.000258 51.109308 1082.87),3031094,2026-08-07T03:01:00.000Z,9.6,16.2,15.3,15.3,15.3,15.3,0,69,69,59,238.0,9.5,2026-08-07T03:01:00.000Z,11.9
POINT Z (-114.000258 51.109308 1082.87),3031094,2026-08-07T03:02:00.000Z,9.6,16.2,15.3,15.3,15.3,15.3,0,69,69,59,239.0,9.5,2026-08-07T03:02:00.000Z,11.9
POINT Z (-114.000258 51.109308 1082.87),3031094,2026-08-07T03:03:00.000Z,9.6,16.2,15.2,15.2,15.3,15.3,0,69,69,59,240.0,9.5,2026-08-07T03:03:00.000Z,11.9
POINT Z (-114.000258 51.109308 1082.87),3031094,2026-08-07T03:04:00.000Z,9.5,16.1,15.1,15.1,15.2,15.1,0,69,69,59,241.0,9.5,2026-08-07T03:04:00.000Z,11.8
POINT Z (-114.000258 51.109308 1082.87),3031094,2026-08-07T03:05:00.000Z,9.5,16.1,15.0,15.0,15.1,15.1,0,69,69,59,241.0,9.5,2026-08-07T03:05:00.000Z,11.7
POINT Z (-114.000258 51.109308 1082.87),3031094,2026-08-07T03:06:00.000Z,9.5,16.1,15.0,15.0,15.0,15.0,0,70,70,59,242.0,9.5,2026-08-07T03:06:00.000Z,11.7
POINT Z (-114.000258 51.109308 1082.87),3031094,2026-08-07T03:07:00.000Z,9.5,16.0,14.9,14.9,15.0,15.0,0,70,70,59,242.0,9.5,2026-08-07T03:07:00.000Z,11.7
POINT Z (-114.000258 51.109308 1082.87),3031094,2026-08-07T03:08:00.000Z,9.5,16.0,14.9,14.9,14.9,14.9,0,70,70,59,243.0,9.5,2026-08-07T03:08:00.000Z,11.7
POINT Z (-114.000258 51.109308 1082.87),3031094,2026-08-07T03:09:00.000Z,9.4,16.0,14.8,14.8,14.9,14.8,0,70,70,59,244.0,9.5,2026-08-07T03:09:00.000Z,11.6
POINT Z (-114.000258 51.109308 1082.87),3031094,2026-08-07T03:10:00.000Z,9.5,15.9,14.8,14.8,14.8,14.8,0,70,70,60,245.0,9.6,2026-08-07T03:10:00.000Z,11.6
POINT Z (-114.000258 51.109308 1082.87),3031094,2026-08-07T03:11:00.000Z,9.6,15.9,14.8,14.8,14.9,14.8,0,71,71,60,245.0,9.6,2026-08-07T03:11:00.000Z,11.7
POINT Z (-114.000258 51.109308 1082.87),3031094,2026-08-07T03:12:00.000Z,9.5,15.9,14.8,14.8,14.8,14.8,0,71,71,60,246.0,9.6,2026-08-07T03:12:00.000Z,11.6
POINT Z (-114.000258 51.109308 1082.87),3031094,2026-08-07T03:13:00.000Z,9.5,15.8,14.7,14.7,14.8,14.7,0,71,71,60,246.0,9.6,2026-08-07T03:13:00.000Z,11.6
POINT Z (-114.000258 51.109308 1082.87),3031094,2026-08-07T03:14:00.000Z,9.5,15.8,14.7,14.7,14.7,14.7,0,71,71,60,247.0,9.6,2026-08-07T03:14:00.000Z,11.6
POINT Z (-114.000258 51.109308 1082.87),3031094,2026-08-07T03:15:00.000Z,9.5,15.7,14.6,14.6,14.7,14.6,0,71,71,60,247.0,9.6,2026-08-07T03:15:00.000Z,11.6
POINT Z (-114.000258 51.109308 1082.87),3031094,2026-08-07T03:16:00.000Z,9.5,15.7,14.6,14.6,14.6,14.6,0,71,71,60,248.0,9.6,2026-08-07T03:16:00.000Z,11.5
POINT Z (-114.000258 51.109308 1082.87),3031094,2026-08-07T03:17:00.000Z,9.5,15.7,14.5,14.5,14.5,14.5,0,72,72,60,248.0,9.6,2026-08-07T03:17:00.000Z,11.5
POINT Z (-114.000258 51.109308 1082.87),3031094,2026-08-07T03:18:00.000Z,9.4,15.6,14.4,14.4,14.5,14.4,0,72,72,61,249.0,9.7,2026-08-07T03:18:00.000Z,11.4
POINT Z (-114.000258 51.109308 1082.87),3031094,2026-08-07T03:19:00.000Z,9.4,15.6,14.4,14.4,14.4,14.4,0,72,72,61,249.0,9.7,2026-08-07T03:19:00.000Z,11.4
POINT Z (-114.000258 51.109308 1082.87),3031094,2026-08-07T03:20:00.000Z,9.5,15.5,14.4,14.4,14.4,14.4,0,72,72,61,250.0,9.7,2026-08-07T03:20:00.000Z,11.5
POINT Z (-114.000258 51.109308 1082.87),3031094,2026-08-07T03:21:00.000Z,9.5,15.5,14.3,14.3,14.4,14.4,0,72,72,61,250.0,9.7,2026-08-07T03:21:00.000Z,11.5
POINT Z (-114.000258 51.109308 1082.87),3031094,2026-08-07T03:22:00.000Z,9.5,15.5,14.3,14.3,14.3,14.3,0,73,73,61,251.0,9.7,2026-08-07T03:22:00.000Z,11.4
POINT Z (-114.000258 51.109308 1082.87),3031094,2026-08-07T03:23:00.000Z,9.4,15.4,14.2,14.2,14.3,14.2,0,73,73,62,251.0,9.7,2026-08-07T03:23:00.000Z,11.4
POINT Z (-114.000258 51.109308 1082.87),3031094,2026-08-07T03:24:00.000Z,9.4,15.4,14.2,14.2,14.2,14.2,0,73,73,63,252.0,9.7,2026-08-07T03:24:00.000Z,11.3
POINT Z (-114.000258 51.109308 1082.87),3031094,2026-08-07T03:25:00.000Z,9.5,15.4,14.2,14.2,14.2,14.2,0,73,73,63,252.0,9.8,2026-08-07T03:25:00.000Z,11.4
POINT Z (-114.000258 51.109308 1082.87),3031094,2026-08-07T03:26:00.000Z,9.5,15.3,14.2,14.2,14.3,14.2,0,73,73,63,253.0,9.8,2026-08-07T03:26:00.000Z,11.4
POINT Z (-114.000258 51.109308 1082.87),3031094,2026-08-07T03:27:00.000Z,9.5,15.3,14.2,14.2,14.3,14.2,0,73,73,64,254.0,9.7,2026-08-07T03:27:00.000Z,11.4
POINT Z (-114.000258 51.109308 1082.87),3031094,2026-08-07T03:28:00.000Z,9.5,15.2,14.2,14.2,14.2,14.2,0,73,73,64,254.0,9.7,2026-08-07T03:28:00.000Z,11.4
POINT Z (-114.000258 51.109308 1082.87),3031094,2026-08-07T03:29:00.000Z,9.5,15.2,14.2,14.2,14.2,14.2,0,74,74,64,255.0,9.7,2026-08-07T03:29:00.000Z,11.4
POINT Z (-114.000258 51.109308 1082.87),3031094,2026-08-07T03:30:00.000Z,9.5,15.2,14.1,14.1,14.2,14.2,0,74,74,64,255.0,9.7,2026-08-07T03:30:00.000Z,11.4
POINT Z (-114.000258 51.109308 1082.87),3031094,2026-08-07T03:31:00.000Z,9.5,15.1,14.1,14.1,14.2,14.1,0,74,74,65,256.0,9.7,2026-08-07T03:31:00.000Z,11.4
POINT Z (-114.000258 51.109308 1082.87),3031094,2026-08-07T03:32:00.000Z,9.5,15.1,14.1,14.1,14.1,14.1,0,74,74,65,256.0,9.6,2026-08-07T03:32:00.000Z,11.4
POINT Z (-114.000258 51.109308 1082.87),3031094,2026-08-07T03:33:00.000Z,9.5,15.1,14.1,14.1,14.1,14.1,0,74,74,65,256.0,9.5,2026-08-07T03:33:00.000Z,11.4
POINT Z (-114.000258 51.109308 1082.87),3031094,2026-08-07T03:34:00.000Z,9.5,15.0,14.0,14.0,14.1,14.1,0,74,74,66,257.0,9.5,2026-08-07T03:34:00.000Z,11.3
POINT Z (-114.000258 51.109308 1082.87),3031094,2026-08-07T03:35:00.000Z,9.5,15.0,14.0,14.0,14.1,14.0,0,74,74,66,257.0,9.5,2026-08-07T03:35:00.000Z,11.3
POINT Z (-114.000258 51.109308 1082.87),3031094,2026-08-07T03:36:00.000Z,9.5,15.0,14.0,14.0,14.0,14.0,0,74,74,66,258.0,9.4,2026-08-07T03:36:00.000Z,11.3
POINT Z (-114.000258 51.109308 1082.87),3031094,2026-08-07T03:37:00.000Z,9.4,14.9,13.9,13.9,14.0,14.0,0,74,74,66,258.0,9.4,2026-08-07T03:37:00.000Z,11.2
POINT Z (-114.000258 51.109308 1082.87),3031094,2026-08-07T03:38:00.000Z,9.5,14.9,13.9,13.9,14.0,14.0,0,75,75,66,258.0,9.3,2026-08-07T03:38:00.000Z,11.3
POINT Z (-114.000258 51.109308 1082.87),3031094,2026-08-07T03:39:00.000Z,9.5,14.9,13.9,13.9,14.0,13.9,0,75,75,66,259.0,9.3,2026-08-07T03:39:00.000Z,11.3
POINT Z (-114.000258 51.109308 1082.87),3031094,2026-08-07T03:40:00.000Z,9.5,14.8,13.9,13.9,13.9,13.9,0,75,75,66,259.0,9.2,2026-08-07T03:40:00.000Z,11.3
POINT Z (-114.000258 51.109308 1082.87),3031094,2026-08-07T03:41:00.000Z,9.5,14.8,13.9,13.9,13.9,13.9,0,75,75,66,260.0,9.2,2026-08-07T03:41:00.000Z,11.3
POINT Z (-114.000258 51.109308 1082.87),3031094,2026-08-07T03:42:00.000Z,9.6,14.8,14.0,14.0,14.0,14.0,0,75,75,67,260.0,9.1,2026-08-07T03:42:00.000Z,11.4
POINT Z (-114.000258 51.109308 1082.87),3031094,2026-08-07T03:43:00.000Z,9.6,14.7,14.0,14.0,14.0,14.0,0,75,75,67,260.0,9.1,2026-08-07T03:43:00.000Z,11.4
POINT Z (-114.000258 51.109308 1082.87),3031094,2026-08-07T03:44:00.000Z,9.6,14.7,13.9,13.9,14.0,14.0,0,75,75,67,261.0,9.1,2026-08-07T03:44:00.000Z,11.4
POINT Z (-114.000258 51.109308 1082.87),3031094,2026-08-07T03:45:00.000Z,9.6,14.7,14.0,14.0,14.0,14.0,0,75,75,67,261.0,9.0,2026-08-07T03:45:00.000Z,11.4
POINT Z (-114.000258 51.109308 1082.87),3031094,2026-08-07T03:46:00.000Z,9.5,14.7,13.9,13.9,13.9,13.9,0,75,75,67,262.0,8.9,2026-08-07T03:46:00.000Z,11.3
POINT Z (-114.000258 51.109308 1082.87),3031094,2026-08-07T03:47:00.000Z,9.5,14.6,13.9,13.9,13.9,13.9,0,75,75,67,262.0,8.9,2026-08-07T03:47:00.000Z,11.3
POINT Z (-114.000258 51.109308 1082.87),3031094,2026-08-07T03:48:00.000Z,9.5,14.6,13.9,13.9,13.9,13.9,0,75,75,67,263.0,8.8,2026-08-07T03:48:00.000Z,11.3
POINT Z (-114.000258 51.109308 1082.87),3031094,2026-08-07T03:49:00.000Z,9.6,14.6,13.9,13.9,13.9,13.9,0,75,75,67,263.0,8.7,2026-08-07T03:49:00.000Z,11.3
POINT Z (-114.000258 51.109308 1082.87),3031094,2026-08-07T03:50:00.000Z,9.6,14.5,13.9,13.9,13.9,13.9,0,75,75,67,264.0,8.7,2026-08-07T03:50:00.000Z,11.3
POINT Z (-114.000258 51.109308 1082.87),3031094,2026-08-07T03:51:00.000Z,9.6,14.5,13.9,13.9,13.9,13.9,0,75,75,68,264.0,8.6,2026-08-07T03:51:00.000Z,11.3
POINT Z (-114.000258 51.109308 1082.87),3031094,2026-08-07T03:52:00.000Z,9.6,14.5,13.9,13.9,13.9,13.9,0,76,76,68,265.0,8.5,2026-08-07T03:52:00.000Z,11.3
POINT Z (-114.000258 51.109308 1082.87),3031094,2026-08-07T03:53:00.000Z,9.6,14.5,13.9,13.9,13.9,13.9,0,76,76,68,265.0,8.5,2026-08-07T03:53:00.000Z,11.3
POINT Z (-114.000258 51.109308 1082.87),3031094,2026-08-07T03:54:00.000Z,9.7,14.4,13.9,13.9,13.9,13.9,0,76,76,68,266.0,8.4,2026-08-07T03:54:00.000Z,11.4
POINT Z (-114.000258 51.109308 1082.87),3031094,2026-08-07T03:55:00.000Z,9.7,14.4,13.9,13.9,14.0,13.9,0,75,76,68,266.0,8.3,2026-08-07T03:55:00.000Z,11.4
POINT Z (-114.000258 51.109308 1082.87),3031094,2026-08-07T03:56:00.000Z,9.6,14.4,13.9,13.9,13.9,13.9,0,75,76,68,267.0,8.3,2026-08-07T03:56:00.000Z,11.3
POINT Z (-114.000258 51.109308 1082.87),3031094,2026-08-07T03:57:00.000Z,9.7,14.4,14.0,14.0,14.0,14.0,0,76,76,68,267.0,8.2,2026-08-07T03:57:00.000Z,11.4
POINT Z (-114.000258 51.109308 1082.87),3031094,2026-08-07T03:58:00.000Z,9.6,14.3,13.9,13.9,13.9,13.9,0,75,76,68,268.0,8.2,2026-08-07T03:58:00.000Z,11.3
POINT Z (-114.000258 51.109308 1082.87),3031094,2026-08-07T03:59:00.000Z,9.6,14.3,13.9,13.9,13.9,13.9,0,75,76,68,269.0,8.1,2026-08-07T03:59:00.000Z,11.3
POINT Z (-114.000258 51.109308 1082.87),3031094,2026-08-07T04:00:00.000Z,9.7,14.3,13.9,13.9,13.9,13.9,0,76,76,68,269.0,8.1,2026-08-07T04:00:00.000Z,11.4
POINT Z (-114.000258 51.109308 1082.87),3031094,2026-08-07T04:00:00.000Z,9.7,14.3,13.9,13.9,13.9,13.9,0,76,76,68,269.0,8.1,2026-08-07T04:00:00.000Z,11.4
POINT Z (-114.000258 51.109308 1082.87),3031094,2026-08-07T04:01:00.000Z,9.8,14.3,14.0,14.0,14.0,14.0,0,76,76,69,270.0,8.0,2026-08-07T04:01:00.000Z,11.5
POINT Z (-114.000258 51.109308 1082.87),3031094,2026-08-07T04:02:00.000Z,9.8,14.2,14.0,14.0,14.0,14.0,0,76,76,69,271.0,8.0,2026-08-07T04:02:00.000Z,11.5
POINT Z (-114.000258 51.109308 1082.87),3031094,2026-08-07T04:03:00.000Z,9.8,14.2,14.0,14.0,14.0,14.0,0,76,76,69,271.0,8.0,2026-08-07T04:03:00.000Z,11.5
POINT Z (-114.000258 51.109308 1082.87),3031094,2026-08-07T04:04:00.000Z,9.8,14.2,14.0,14.0,14.1,14.0,0,76,76,69,272.0,7.9,2026-08-07T04:04:00.000Z,11.5
POINT Z (-114.000258 51.109308 1082.87),3031094,2026-08-07T04:05:00.000Z,9.8,14.2,14.0,14.0,14.1,14.0,0,76,76,69,,7.9,2026-08-07T04:05:00.000Z,11.5
POINT Z (-114.000258 51.109308 1082.87),3031094,2026-08-07T04:06:00.000Z,9.8,14.2,14.0,14.0,14.1,14.0,0,75,76,70,,7.9,2026-08-07T04:06:00.000Z,11.5
POINT Z (-114.000258 51.109308 1082.87),3031094,2026-08-07T04:07:00.000Z,9.8,14.1,14.0,14.0,14.0,14.0,0,76,76,70,273.0,7.9,2026-08-07T04:07:00.000Z,11.5
POINT Z (-114.000258 51.109308 1082.87),3031094,2026-08-07T04:08:00.000Z,9.7,14.1,13.9,13.9,14.0,13.9,0,75,76,70,273.0,7.8,2026-08-07T04:08:00.000Z,11.4
POINT Z (-114.000258 51.109308 1082.87),3031094,2026-08-07T04:09:00.000Z,9.6,14.1,13.9,13.9,13.9,13.9,0,75,76,70,273.0,7.7,2026-08-07T04:09:00.000Z,11.3
POINT Z (-114.000258 51.109308 1082.87),3031094,2026-08-07T04:10:00.000Z,9.5,14.1,13.8,13.8,13.8,13.8,0,75,76,70,274.0,7.7,2026-08-07T04:10:00.000Z,11.2
POINT Z (-114.000258 51.109308 1082.87),3031094,2026-08-07T04:11:00.000Z,9.4,14.1,13.7,13.7,13.7,13.7,0,75,76,71,274.0,7.6,2026-08-07T04:11:00.000Z,11.1
POINT Z (-114.000258 51.109308 1082.87),3031094,2026-08-07T04:12:00.000Z,9.4,14.1,13.6,13.6,13.7,13.7,0,76,76,71,274.0,7.5,2026-08-07T04:12:00.000Z,11.1
POINT Z (-114.000258 51.109308 1082.87),3031094,2026-08-07T04:13:00.000Z,9.4,14.0,13.7,13.7,13.7,13.7,0,76,76,71,,7.5,2026-08-07T04:13:00.000Z,11.1
POINT Z (-114.000258 51.109308 1082.87),3031094,2026-08-07T04:14:00.000Z,9.5,14.0,13.7,13.7,13.7,13.7,0,76,76,71,,7.4,2026-08-07T04:14:00.000Z,11.2
POINT Z (-114.000258 51.109308 1082.87),3031094,2026-08-07T04:15:00.000Z,9.3,14.0,13.5,13.5,13.5,13.5,0,76,76,71,276.0,7.3,2026-08-07T04:15:00.000Z,11.0
POINT Z (-114.000258 51.109308 1082.87),3031094,2026-08-07T04:16:00.000Z,9.1,14.0,13.4,13.4,13.4,13.4,0,75,76,71,276.0,7.2,2026-08-07T04:16:00.000Z,10.8
POINT Z (-114.000258 51.109308 1082.87),3031094,2026-08-07T04:17:00.000Z,9.1,14.0,13.3,13.3,13.4,13.3,0,76,76,72,277.0,7.1,2026-08-07T04:17:00.000Z,10.8
POINT Z (-114.000258 51.109308 1082.87),3031094,2026-08-07T04:18:00.000Z,9.3,13.9,13.4,13.4,13.4,13.4,0,76,76,72,277.0,7.0,2026-08-07T04:18:00.000Z,11.0
POINT Z (-114.000258 51.109308 1082.87),3031094,2026-08-07T04:19:00.000Z,9.5,13.9,13.4,13.4,13.5,13.4,0,77,77,72,278.0,6.9,2026-08-07T04:19:00.000Z,11.1
POINT Z (-114.000258 51.109308 1082.87),3031094,2026-08-07T04:20:00.000Z,9.5,13.9,13.4,13.4,13.4,13.4,0,77,77,72,278.0,6.8,2026-08-07T04:20:00.000Z,11.1
POINT Z (-114.000258 51.109308 1082.87),3031094,2026-08-07T04:21:00.000Z,9.5,13.9,13.4,13.4,13.4,13.4,0,77,77,72,278.0,6.8,2026-08-07T04:21:00.000Z,11.1
POINT Z (-114.000258 51.109308 1082.87),3031094,2026-08-07T04:22:00.000Z,9.5,13.9,13.4,13.4,13.4,13.4,0,77,77,73,279.0,6.7,2026-08-07T04:22:00.000Z,11.1
POINT Z (-114.000258 51.109308 1082.87),3031094,2026-08-07T04:23:00.000Z,9.3,13.9,13.3,13.3,13.3,13.3,0,76,77,73,280.0,6.6,2026-08-07T04:23:00.000Z,10.9
POINT Z (-114.000258 51.109308 1082.87),3031094,2026-08-07T04:24:00.000Z,9.1,13.9,13.2,13.2,13.3,13.2,0,76,77,73,280.0,6.5,2026-08-07T04:24:00.000Z,10.8
POINT Z (-114.000258 51.109308 1082.87),3031094,2026-08-07T04:25:00.000Z,9.0,13.8,13.1,13.1,13.2,13.1,0,76,77,73,281.0,6.4,2026-08-07T04:25:00.000Z,10.7
POINT Z (-114.000258 51.109308 1082.87),3031094,2026-08-07T04:26:00.000Z,8.6,13.8,13.0,13.0,13.1,13.1,0,74,77,73,282.0,6.3,2026-08-07T04:26:00.000Z,10.5
POINT Z (-114.000258 51.109308 1082.87),3031094,2026-08-07T04:27:00.000Z,8.7,13.8,13.0,13.0,13.1,13.0,0,75,77,73,283.0,6.2,2026-08-07T04:27:00.000Z,10.5
POINT Z (-114.000258 51.109308 1082.87),3031094,2026-08-07T04:28:00.000Z,9.0,13.8,12.9,12.9,13.0,13.0,0,77,77,73,284.0,6.1,2026-08-07T04:28:00.000Z,10.6
POINT Z (-114.000258 51.109308 1082.87),3031094,2026-08-07T04:29:00.000Z,9.0,13.8,12.9,12.9,12.9,12.9,0,77,77,74,285.0,6.0,2026-08-07T04:29:00.000Z,10.6
POINT Z (-114.000258 51.109308 1082.87),3031094,2026-08-07T04:30:00.000Z,8.8,13.7,12.8,12.8,12.8,12.8,0,77,77,74,286.0,5.9,2026-08-07T04:30:00.000Z,10.5
POINT Z (-114.000258 51.109308 1082.87),3031094,2026-08-07T04:31:00.000Z,8.7,13.7,12.8,12.8,12.8,12.8,0,76,77,74,287.0,5.9,2026-08-07T04:31:00.000Z,10.4
POINT Z (-114.000258 51.109308 1082.87),3031094,2026-08-07T04:32:00.000Z,9.0,13.7,12.9,12.9,12.9,12.9,0,77,77,74,288.0,5.8,2026-08-07T04:32:00.000Z,10.6
POINT Z (-114.000258 51.109308 1082.87),3031094,2026-08-07T04:33:00.000Z,9.2,13.7,13.0,13.0,13.0,13.0,0,78,78,74,289.0,5.7,2026-08-07T04:33:00.000Z,10.7
POINT Z (-114.000258 51.109308 1082.87),3031094,2026-08-07T04:34:00.000Z,9.2,13.7,13.0,13.0,13.0,13.0,0,78,78,74,289.0,5.6,2026-08-07T04:34:00.000Z,10.7
POINT Z (-114.000258 51.109308 1082.87),3031094,2026-08-07T04:35:00.000Z,9.3,13.6,13.0,13.0,13.1,13.0,0,78,78,74,290.0,5.5,2026-08-07T04:35:00.000Z,10.8
POINT Z (-114.000258 51.109308 1082.87),3031094,2026-08-07T04:36:00.000Z,9.7,13.6,13.1,13.1,13.1,13.1,0,80,80,74,291.0,5.5,2026-08-07T04:36:00.000Z,11.1
POINT Z (-114.000258 51.109308 1082.87),3031094,2026-08-07T04:37:00.000Z,9.5,13.6,13.0,13.0,13.1,13.1,0,79,80,74,292.0,5.4,2026-08-07T04:37:00.000Z,10.9
POINT Z (-114.000258 51.109308 1082.87),3031094,2026-08-07T04:38:00.000Z,9.5,13.6,13.0,13.0,13.1,13.1,0,79,80,74,293.0,5.3,2026-08-07T04:38:00.000Z,10.9
POINT Z (-114.000258 51.109308 1082.87),3031094,2026-08-07T04:39:00.000Z,9.5,13.6,13.1,13.1,13.1,13.1,0,79,80,74,293.0,5.2,2026-08-07T04:39:00.000Z,11.0
POINT Z (-114.000258 51.109308 1082.87),3031094,2026-08-07T04:40:00.000Z,8.7,13.6,12.8,12.8,12.8,12.8,0,76,80,74,294.0,5.1,2026-08-07T04:40:00.000Z,10.4
POINT Z (-114.000258 51.109308 1082.87),3031094,2026-08-07T04:41:00.000Z,8.9,13.5,12.8,12.8,12.8,12.8,0,77,80,74,295.0,5.1,2026-08-07T04:41:00.000Z,10.5
POINT Z (-114.000258 51.109308 1082.87),3031094,2026-08-07T04:42:00.000Z,9.5,13.5,12.9,12.9,13.0,13.0,0,80,80,74,296.0,5.0,2026-08-07T04:42:00.000Z,10.9
POINT Z (-114.000258 51.109308 1082.87),3031094,2026-08-07T04:43:00.000Z,9.8,13.5,13.0,13.0,13.1,13.0,0,81,81,74,296.0,5.0,2026-08-07T04:43:00.000Z,11.1
POINT Z (-114.000258 51.109308 1082.87),3031094,2026-08-07T04:44:00.000Z,10.0,13.5,13.1,13.1,13.1,13.1,0,82,82,74,297.0,4.9,2026-08-07T04:44:00.000Z,11.2
POINT Z (-114.000258 51.109308 1082.87),3031094,2026-08-07T04:45:00.000Z,9.9,13.5,13.1,13.1,13.1,13.1,0,81,82,74,297.0,4.9,2026-08-07T04:45:00.000Z,11.2
POINT Z (-114.000258 51.109308 1082.87),3031094,2026-08-07T04:46:00.000Z,9.8,13.5,13.1,13.1,13.1,13.1,0,81,82,74,298.0,4.9,2026-08-07T04:46:00.000Z,11.1
POINT Z (-114.000258 51.109308 1082.87),3031094,2026-08-07T04:47:00.000Z,9.9,13.5,13.1,13.1,13.1,13.1,0,81,82,74,298.0,4.9,2026-08-07T04:47:00.000Z,11.2
POINT Z (-114.000258 51.109308 1082.87),3031094,2026-08-07T04:48:00.000Z,9.5,13.4,12.9,12.9,12.9,12.9,0,80,82,74,299.0,4.9,2026-08-07T04:48:00.000Z,10.9
POINT Z (-114.000258 51.109308 1082.87),3031094,2026-08-07T04:49:00.000Z,9.2,13.4,12.8,12.8,12.8,12.8,0,79,82,74,299.0,4.9,2026-08-07T04:49:00.000Z,10.7
POINT Z (-114.000258 51.109308 1082.87),3031094,2026-08-07T04:50:00.000Z,9.1,13.4,12.6,12.6,12.7,12.6,0,79,82,74,299.0,4.8,2026-08-07T04:50:00.000Z,10.6
POINT Z (-114.000258 51.109308 1082.87),3031094,2026-08-07T04:51:00.000Z,8.9,13.4,12.5,12.5,12.5,12.5,0,79,82,74,300.0,4.8,2026-08-07T04:51:00.000Z,10.4
POINT Z (-114.000258 51.109308 1082.87),3031094,2026-08-07T04:52:00.000Z,9.2,13.4,12.6,12.6,12.6,12.6,0,80,82,74,300.0,4.8,2026-08-07T04:52:00.000Z,10.6
POINT Z (-114.000258 51.109308 1082.87),3031094,2026-08-07T04:53:00.000Z,9.1,13.3,12.5,12.5,12.5,12.5,0,80,82,74,301.0,4.8,2026-08-07T04:53:00.000Z,10.5
POINT Z (-114.000258 51.109308 1082.87),3031094,2026-08-07T04:54:00.000Z,8.8,13.3,12.3,12.3,12.4,12.4,0,79,82,74,301.0,4.8,2026-08-07T04:54:00.000Z,10.3
POINT Z (-114.000258 51.109308 1082.87),3031094,2026-08-07T04:55:00.000Z,8.9,13.3,12.3,12.3,12.4,12.4,0,79,82,74,301.0,4.8,2026-08-07T04:55:00.000Z,10.3
POINT Z (-114.000258 51.109308 1082.87),3031094,2026-08-07T04:56:00.000Z,9.1,13.2,12.4,12.4,12.5,12.5,0,80,82,74,302.0,4.7,2026-08-07T04:56:00.000Z,10.5
POINT Z (-114.000258 51.109308 1082.87),3031094,2026-08-07T04:57:00.000Z,9.4,13.2,12.5,12.5,12.6,12.6,0,81,82,74,303.0,4.7,2026-08-07T04:57:00.000Z,10.7
POINT Z (-114.000258 51.109308 1082.87),3031094,2026-08-07T04:58:00.000Z,9.5,13.2,12.6,12.6,12.6,12.6,0,82,82,74,303.0,4.7,2026-08-07T04:58:00.000Z,10.8
POINT Z (-114.000258 51.109308 1082.87),3031094,2026-08-07T04:59:00.000Z,9.6,13.2,12.6,12.6,12.6,12.6,0,82,82,74,303.0,4.7,2026-08-07T04:59:00.000Z,10.8
POINT Z (-114.000258 51.109308 1082.87),3031094,2026-08-07T05:00:00.000Z,9.6,13.2,12.6,12.6,12.6,12.6,0,82,82,74,304.0,4.6,2026-08-07T05:00:00.000Z,10.8
POINT Z (-114.000258 51.109308 1082.87),3031094,2026-08-07T05:00:00.000Z,9.6,13.2,12.6,12.6,12.6,12.6,0,82,82,74,303.0,4.6,2026-08-07T05:00:00.000Z,10.8
POINT Z (-114.000258 51.109308 1082.87),3031094,2026-08-07T05:01:00.000Z,9.5,13.1,12.6,12.6,12.6,12.6,0,82,82,74,304.0,4.6,2026-08-07T05:01:00.000Z,10.8
POINT Z (-114.000258 51.109308 1082.87),3031094,2026-08-07T05:02:00.000Z,9.4,13.1,12.5,12.5,12.6,12.5,0,81,82,74,304.0,4.6,2026-08-07T05:02:00.000Z,10.7
POINT Z (-114.000258 51.109308 1082.87),3031094,2026-08-07T05:03:00.000Z,9.4,13.1,12.5,12.5,12.6,12.5,0,82,82,74,304.0,4.5,2026-08-07T05:03:00.000Z,10.7
POINT Z (-114.000258 51.109308 1082.87),3031094,2026-08-07T05:04:00.000Z,9.5,13.1,12.5,12.5,12.6,12.6,0,82,82,74,304.0,4.5,2026-08-07T05:04:00.000Z,10.7
POINT Z (-114.000258 51.109308 1082.87),3031094,2026-08-07T05:05:00.000Z,9.4,13.0,12.5,12.5,12.5,12.5,0,82,82,74,304.0,4.5,2026-08-07T05:05:00.000Z,10.7
POINT Z (-114.000258 51.109308 1082.87),3031094,2026-08-07T05:06:00.000Z,9.4,13.0,12.5,12.5,12.5,12.5,0,82,82,74,304.0,4.4,2026-08-07T05:06:00.000Z,10.7
POINT Z (-114.000258 51.109308 1082.87),3031094,2026-08-07T05:07:00.000Z,9.1,13.0,12.2,12.2,12.3,12.3,0,81,82,74,304.0,4.4,2026-08-07T05:07:00.000Z,10.4
POINT Z (-114.000258 51.109308 1082.87),3031094,2026-08-07T05:08:00.000Z,9.0,12.9,12.0,12.0,12.1,12.1,0,81,82,74,304.0,4.4,2026-08-07T05:08:00.000Z,10.3
POINT Z (-114.000258 51.109308 1082.87),3031094,2026-08-07T05:09:00.000Z,9.1,12.9,12.1,12.1,12.2,12.2,0,82,82,74,305.0,4.4,2026-08-07T05:09:00.000Z,10.3
POINT Z (-114.000258 51.109308 1082.87),3031094,2026-08-07T05:10:00.000Z,9.3,12.9,12.2,12.2,12.3,12.2,0,83,83,74,305.0,4.4,2026-08-07T05:10:00.000Z,10.5
POINT Z (-114.000258 51.109308 1082.87),3031094,2026-08-07T05:11:00.000Z,9.3,12.9,12.2,12.2,12.2,12.2,0,83,83,74,305.0,4.4,2026-08-07T05:11:00.000Z,10.5
POINT Z (-114.000258 51.109308 1082.87),3031094,2026-08-07T05:12:00.000Z,9.2,12.8,12.1,12.1,12.2,12.1,0,83,83,74,305.0,4.3,2026-08-07T05:12:00.000Z,10.4
POINT Z (-114.000258 51.109308 1082.87),3031094,2026-08-07T05:13:00.000Z,9.4,12.8,12.2,12.2,12.2,12.2,0,83,83,74,305.0,4.3,2026-08-07T05:13:00.000Z,10.5
POINT Z (-114.000258 51.109308 1082.87),3031094,2026-08-07T05:14:00.000Z,9.3,12.8,12.1,12.1,12.2,12.2,0,83,83,74,304.0,4.3,2026-08-07T05:14:00.000Z,10.5
POINT Z (-114.000258 51.109308 1082.87),3031094,2026-08-07T05:15:00.000Z,9.4,12.8,12.2,12.2,12.2,12.2,0,83,83,74,304.0,4.3,2026-08-07T05:15:00.000Z,10.5
POINT Z (-114.000258 51.109308 1082.87),3031094,2026-08-07T05:16:00.000Z,9.4,12.8,12.2,12.2,12.2,12.2,0,83,83,74,304.0,4.3,2026-08-07T05:16:00.000Z,10.5
POINT Z (-114.000258 51.109308 1082.87),3031094,2026-08-07T05:17:00.000Z,9.4,12.7,12.2,12.2,12.2,12.2,0,83,83,74,303.0,4.4,2026-08-07T05:17:00.000Z,10.5
POINT Z (-114.000258 51.109308 1082.87),3031094,2026-08-07T05:18:00.000Z,9.4,12.7,12.2,12.2,12.2,12.2,0,83,83,74,303.0,4.4,2026-08-07T05:18:00.000Z,10.5
POINT Z (-114.000258 51.109308 1082.87),3031094,2026-08-07T05:19:00.000Z,9.4,12.7,12.1,12.1,12.2,12.2,0,83,83,74,303.0,4.4,2026-08-07T05:19:00.000Z,10.5
POINT Z (-114.000258 51.109308 1082.87),3031094,2026-08-07T05:20:00.000Z,9.2,12.7,12.1,12.1,12.1,12.1,0,83,83,74,303.0,4.5,2026-08-07T05:20:00.000Z,10.4
POINT Z (-114.000258 51.109308 1082.87),3031094,2026-08-07T05:21:00.000Z,9.1,12.6,11.9,11.9,12.0,11.9,0,83,83,74,302.0,4.5,2026-08-07T05:21:00.000Z,10.3
POINT Z (-114.000258 51.109308 1082.87),3031094,2026-08-07T05:22:00.000Z,8.4,12.6,11.7,11.7,11.8,11.8,0,80,83,74,302.0,4.5,2026-08-07T05:22:00.000Z,9.8
POINT Z (-114.000258 51.109308 1082.87),3031094,2026-08-07T05:23:00.000Z,8.0,12.6,11.6,11.6,11.6,11.6,0,78,83,74,302.0,4.5,2026-08-07T05:23:00.000Z,9.5
POINT Z (-114.000258 51.109308 1082.87),3031094,2026-08-07T05:24:00.000Z,8.6,12.6,11.7,11.7,11.8,11.8,0,81,83,74,302.0,4.5,2026-08-07T05:24:00.000Z,9.9
POINT Z (-114.000258 51.109308 1082.87),3031094,2026-08-07T05:25:00.000Z,9.1,12.5,11.8,11.8,11.9,11.9,0,84,84,74,302.0,4.5,2026-08-07T05:25:00.000Z,10.2
POINT Z (-114.000258 51.109308 1082.87),3031094,2026-08-07T05:26:00.000Z,9.0,12.5,11.7,11.7,11.8,11.8,0,84,84,74,301.0,4.5,2026-08-07T05:26:00.000Z,10.1
POINT Z (-114.000258 51.109308 1082.87),3031094,2026-08-07T05:27:00.000Z,9.1,12.5,11.7,11.7,11.8,11.8,0,84,84,75,300.0,4.5,2026-08-07T05:27:00.000Z,10.2
POINT Z (-114.000258 51.109308 1082.87),3031094,2026-08-07T05:28:00.000Z,9.2,12.5,11.7,11.7,11.8,11.8,0,85,85,76,300.0,4.5,2026-08-07T05:28:00.000Z,10.2
POINT Z (-114.000258 51.109308 1082.87),3031094,2026-08-07T05:29:00.000Z,9.3,12.5,11.8,11.8,11.8,11.8,0,85,85,76,299.0,4.5,2026-08-07T05:29:00.000Z,10.3
POINT Z (-114.000258 51.109308 1082.87),3031094,2026-08-07T05:30:00.000Z,9.4,12.4,11.8,11.8,11.9,11.9,0,85,85,76,298.0,4.5,2026-08-07T05:30:00.000Z,10.4
POINT Z (-114.000258 51.109308 1082.87),3031094,2026-08-07T05:31:00.000Z,9.3,12.4,11.7,11.7,11.8,11.8,0,85,85,76,298.0,4.5,2026-08-07T05:31:00.000Z,10.3
POINT Z (-114.000258 51.109308 1082.87),3031094,2026-08-07T05:32:00.000Z,9.2,12.4,11.6,11.6,11.7,11.7,0,85,85,76,297.0,4.5,2026-08-07T05:32:00.000Z,10.2
POINT Z (-114.000258 51.109308 1082.87),3031094,2026-08-07T05:33:00.000Z,9.4,12.4,11.7,11.7,11.8,11.8,0,85,85,76,297.0,4.5,2026-08-07T05:33:00.000Z,10.4
POINT Z (-114.000258 51.109308 1082.87),3031094,2026-08-07T05:34:00.000Z,9.3,12.4,11.7,11.7,11.7,11.7,0,86,86,76,297.0,4.5,2026-08-07T05:34:00.000Z,10.3
POINT Z (-114.000258 51.109308 1082.87),3031094,2026-08-07T05:35:00.000Z,9.2,12.3,11.6,11.6,11.6,11.6,0,85,86,76,297.0,4.5,2026-08-07T05:35:00.000Z,10.2
POINT Z (-114.000258 51.109308 1082.87),3031094,2026-08-07T05:36:00.000Z,9.1,12.3,11.5,11.5,11.6,11.6,0,85,86,76,296.0,4.5,2026-08-07T05:36:00.000Z,10.1
POINT Z (-114.000258 51.109308 1082.87),3031094,2026-08-07T05:37:00.000Z,9.4,12.3,11.6,11.6,11.7,11.7,0,86,86,76,296.0,4.5,2026-08-07T05:37:00.000Z,10.3
POINT Z (-114.000258 51.109308 1082.87),3031094,2026-08-07T05:38:00.000Z,9.6,12.3,11.7,11.7,11.7,11.7,0,87,87,76,296.0,4.5,2026-08-07T05:38:00.000Z,10.5
POINT Z (-114.000258 51.109308 1082.87),3031094,2026-08-07T05:39:00.000Z,9.8,12.2,11.8,11.8,11.8,11.8,0,87,87,76,295.0,4.5,2026-08-07T05:39:00.000Z,10.6
POINT Z (-114.000258 51.109308 1082.87),3031094,2026-08-07T05:40:00.000Z,10.0,12.2,11.9,11.9,12.0,12.0,0,88,88,76,294.0,4.5,2026-08-07T05:40:00.000Z,10.8
POINT Z (-114.000258 51.109308 1082.87),3031094,2026-08-07T05:41:00.000Z,9.9,12.2,11.9,11.9,11.9,11.9,0,87,88,77,293.0,4.5,2026-08-07T05:41:00.000Z,10.7
POINT Z (-114.000258 51.109308 1082.87),3031094,2026-08-07T05:42:00.000Z,9.9,12.2,12.0,12.0,12.0,12.0,0,87,88,78,293.0,4.5,2026-08-07T05:42:00.000Z,10.8
POINT Z (-114.000258 51.109308 1082.87),3031094,2026-08-07T05:43:00.000Z,9.8,12.2,12.0,12.0,12.0,12.1,0,86,88,78,292.0,4.4,2026-08-07T05:43:00.000Z,10.7
POINT Z (-114.000258 51.109308 1082.87),3031094,2026-08-07T05:44:00.000Z,9.8,12.2,12.1,12.1,12.1,12.1,0,86,88,78,291.0,4.4,2026-08-07T05:44:00.000Z,10.7
POINT Z (-114.000258 51.109308 1082.87),3031094,2026-08-07T05:45:00.000Z,9.9,12.2,12.2,12.2,12.2,12.2,0,86,88,78,290.0,4.4,2026-08-07T05:45:00.000Z,10.8
POINT Z (-114.000258 51.109308 1082.87),3031094,2026-08-07T05:46:00.000Z,9.8,12.1,12.1,12.1,12.2,12.1,0,86,88,78,290.0,4.3,2026-08-07T05:46:00.000Z,10.8
POINT Z (-114.000258 51.109308 1082.87),3031094,2026-08-07T05:47:00.000Z,9.7,12.1,12.1,12.1,12.1,12.1,0,86,88,78,289.0,4.3,2026-08-07T05:47:00.000Z,10.7
POINT Z (-114.000258 51.109308 1082.87),3031094,2026-08-07T05:48:00.000Z,9.6,12.1,12.0,12.0,12.0,12.0,0,85,88,78,288.0,4.2,2026-08-07T05:48:00.000Z,10.6
POINT Z (-114.000258 51.109308 1082.87),3031094,2026-08-07T05:49:00.000Z,9.5,12.1,11.9,11.9,12.0,12.0,0,85,88,78,287.0,4.2,2026-08-07T05:49:00.000Z,10.5
POINT Z (-114.000258 51.109308 1082.87),3031094,2026-08-07T05:50:00.000Z,9.5,12.1,11.9,11.9,11.9,11.9,0,85,88,78,287.0,4.2,2026-08-07T05:50:00.000Z,10.5
POINT Z (-114.000258 51.109308 1082.87),3031094,2026-08-07T05:51:00.000Z,9.3,12.1,11.8,11.8,11.8,11.8,0,85,88,78,286.0,4.1,2026-08-07T05:51:00.000Z,10.3
POINT Z (-114.000258 51.109308 1082.87),3031094,2026-08-07T05:52:00.000Z,8.7,12.1,11.6,11.6,11.7,11.7,0,82,88,78,285.0,4.1,2026-08-07T05:52:00.000Z,9.9
POINT Z (-114.000258 51.109308 1082.87),3031094,2026-08-07T05:53:00.000Z,8.5,12.0,11.5,11.5,11.6,11.6,0,81,88,78,284.0,4.1,2026-08-07T05:53:00.000Z,9.8
POINT Z (-114.000258 51.109308 1082.87),3031094,2026-08-07T05:54:00.000Z,8.6,12.0,11.4,11.4,11.5,11.5,0,83,88,78,282.0,4.0,2026-08-07T05:54:00.000Z,9.8
POINT Z (-114.000258 51.109308 1082.87),3031094,2026-08-07T05:55:00.000Z,8.9,12.0,11.4,11.4,11.5,11.4,0,84,88,78,281.0,4.0,2026-08-07T05:55:00.000Z,10.0
POINT Z (-114.000258 51.109308 1082.87),3031094,2026-08-07T05:56:00.000Z,9.0,12.0,11.3,11.3,11.4,11.4,0,85,88,78,280.0,3.9,2026-08-07T05:56:00.000Z,10.0
POINT Z (-114.000258 51.109308 1082.87),3031094,2026-08-07T05:57:00.000Z,9.1,12.0,11.3,11.3,11.4,11.4,0,86,88,78,278.0,3.9,2026-08-07T05:57:00.000Z,10.0
POINT Z (-114.000258 51.109308 1082.87),3031094,2026-08-07T05:58:00.000Z,9.7,12.0,11.5,11.5,11.6,11.6,0,89,89,78,277.0,3.8,2026-08-07T05:58:00.000Z,10.5
POINT Z (-114.000258 51.109308 1082.87),3031094,2026-08-07T05:59:00.000Z,9.7,11.9,11.6,11.6,11.6,11.6,0,89,89,78,276.0,3.8,2026-08-07T05:59:00.000Z,10.5
POINT Z (-114.000258 51.109308 1082.87),3031094,2026-08-07T06:00:00.000Z,9.1,11.9,11.4,11.4,11.4,11.4,0,86,89,78,276.0,3.8,2026-08-07T06:00:00.000Z,10.0
POINT Z (-114.000258 51.109308 1082.87),3031094,2026-08-07T06:00:00.000Z,9.1,11.9,11.4,11.4,11.4,11.4,0,86,89,78,276.0,3.8,2026-08-07T06:00:00.000Z,10.0
POINT Z (-114.000258 51.109308 1082.87),3031094,2026-08-07T06:01:00.000Z,8.3,11.9,11.0,11.0,11.0,11.0,0,84,89,78,276.0,3.8,2026-08-07T06:01:00.000Z,9.4
POINT Z (-114.000258 51.109308 1082.87),3031094,2026-08-07T06:02:00.000Z,8.3,11.9,10.9,10.9,11.0,10.9,0,84,89,78,276.0,3.9,2026-08-07T06:02:00.000Z,9.4
POINT Z (-114.000258 51.109308 1082.87),3031094,2026-08-07T06:03:00.000Z,8.6,11.8,10.9,10.9,10.9,10.9,0,86,89,78,275.0,4.0,2026-08-07T06:03:00.000Z,9.6
POINT Z (-114.000258 51.109308 1082.87),3031094,2026-08-07T06:04:00.000Z,8.9,11.8,10.9,10.9,11.0,10.9,0,87,89,78,275.0,4.2,2026-08-07T06:04:00.000Z,9.7
POINT Z (-114.000258 51.109308 1082.87),3031094,2026-08-07T06:05:00.000Z,9.1,11.8,10.9,10.9,11.0,11.0,0,88,89,78,275.0,4.2,2026-08-07T06:05:00.000Z,9.9
POINT Z (-114.000258 51.109308 1082.87),3031094,2026-08-07T06:06:00.000Z,9.4,11.8,11.0,11.0,11.1,11.1,0,90,90,78,275.0,4.3,2026-08-07T06:06:00.000Z,10.1
POINT Z (-114.000258 51.109308 1082.87),3031094,2026-08-07T06:07:00.000Z,9.7,11.7,11.2,11.2,11.2,11.2,0,91,91,78,275.0,4.4,2026-08-07T06:07:00.000Z,10.3
POINT Z (-114.000258 51.109308 1082.87),3031094,2026-08-07T06:08:00.000Z,9.7,11.7,11.2,11.2,11.2,11.2,0,91,91,78,274.0,4.5,2026-08-07T06:08:00.000Z,10.3
POINT Z (-114.000258 51.109308 1082.87),3031094,2026-08-07T06:09:00.000Z,9.9,11.7,11.2,11.2,11.2,11.3,0,91,91,78,274.0,4.6,2026-08-07T06:09:00.000Z,10.4
POINT Z (-114.000258 51.109308 1082.87),3031094,2026-08-07T06:10:00.000Z,10.2,11.7,11.5,11.5,11.5,11.5,0,92,92,78,274.0,4.7,2026-08-07T06:10:00.000Z,10.7
POINT Z (-114.000258 51.109308 1082.87),3031094,2026-08-07T06:11:00.000Z,10.6,11.7,11.7,11.7,11.7,11.7,0,93,93,78,274.0,4.8,2026-08-07T06:11:00.000Z,11.0
POINT Z (-114.000258 51.109308 1082.87),3031094,2026-08-07T06:12:00.000Z,10.6,11.7,11.8,11.8,11.8,11.9,0,92,93,78,274.0,4.9,2026-08-07T06:12:00.000Z,11.1
POINT Z (-114.000258 51.109308 1082.87),3031094,2026-08-07T06:13:00.000Z,10.4,11.7,11.9,11.9,11.9,11.9,0,91,93,78,274.0,5.0,2026-08-07T06:13:00.000Z,11.0
POINT Z (-114.000258 51.109308 1082.87),3031094,2026-08-07T06:14:00.000Z,10.2,11.7,11.8,11.8,11.8,11.8,0,90,93,78,,5.0,2026-08-07T06:14:00.000Z,10.8
POINT Z (-114.000258 51.109308 1082.87),3031094,2026-08-07T06:15:00.000Z,9.9,11.7,11.6,11.6,11.7,11.6,0,89,93,78,,5.0,2026-08-07T06:15:00.000Z,10.6
POINT Z (-114.000258 51.109308 1082.87),3031094,2026-08-07T06:16:00.000Z,9.3,11.6,11.2,11.2,11.3,11.2,0,88,93,78,277.0,5.2,2026-08-07T06:16:00.000Z,10.1
POINT Z (-114.000258 51.109308 1082.87),3031094,2026-08-07T06:17:00.000Z,9.1,11.6,11.0,11.0,11.1,11.0,0,88,93,78,278.0,5.2,2026-08-07T06:17:00.000Z,9.9
POINT Z (-114.000258 51.109308 1082.87),3031094,2026-08-07T06:18:00.000Z,9.6,11.6,11.2,11.2,11.3,11.3,0,90,93,78,280.0,5.2,2026-08-07T06:18:00.000Z,10.3
POINT Z (-114.000258 51.109308 1082.87),3031094,2026-08-07T06:19:00.000Z,9.9,11.6,11.3,11.3,11.3,11.3,0,91,93,78,281.0,5.2,2026-08-07T06:19:00.000Z,10.5
POINT Z (-114.000258 51.109308 1082.87),3031094,2026-08-07T06:20:00.000Z,9.5,11.6,11.1,11.1,11.1,11.1,0,90,93,78,282.0,5.2,2026-08-07T06:20:00.000Z,10.2
POINT Z (-114.000258 51.109308 1082.87),3031094,2026-08-07T06:21:00.000Z,8.8,11.6,10.8,10.8,10.8,10.8,0,88,93,78,284.0,5.3,2026-08-07T06:21:00.000Z,9.6
POINT Z (-114.000258 51.109308 1082.87),3031094,2026-08-07T06:22:00.000Z,8.6,11.5,10.6,10.6,10.7,10.6,0,87,93,78,285.0,5.4,2026-08-07T06:22:00.000Z,9.5
POINT Z (-114.000258 51.109308 1082.87),3031094,2026-08-07T06:23:00.000Z,8.6,11.5,10.6,10.6,10.6,10.6,0,88,93,78,287.0,5.5,2026-08-07T06:23:00.000Z,9.4
POINT Z (-114.000258 51.109308 1082.87),3031094,2026-08-07T06:24:00.000Z,9.0,11.5,10.7,10.7,10.7,10.7,0,89,93,81,290.0,5.5,2026-08-07T06:24:00.000Z,9.7
POINT Z (-114.000258 51.109308 1082.87),3031094,2026-08-07T06:25:00.000Z,9.7,11.5,11.0,11.0,11.0,11.0,0,92,93,81,299.0,5.6,2026-08-07T06:25:00.000Z,10.2
POINT Z (-114.000258 51.109308 1082.87),3031094,2026-08-07T06:26:00.000Z,9.9,11.5,11.1,11.1,11.1,11.1,0,92,93,81,334.0,5.6,2026-08-07T06:26:00.000Z,10.4
POINT Z (-114.000258 51.109308 1082.87),3031094,2026-08-07T06:27:00.000Z,10.5,11.5,11.4,11.4,11.4,11.5,0,94,94,81,41.0,5.7,2026-08-07T06:27:00.000Z,10.9
POINT Z (-114.000258 51.109308 1082.87),3031094,2026-08-07T06:28:00.000Z,10.4,11.5,11.5,11.5,11.5,11.5,0,93,94,81,66.0,5.8,2026-08-07T06:28:00.000Z,10.8
POINT Z (-114.000258 51.109308 1082.87),3031094,2026-08-07T06:29:00.000Z,10.1,11.5,11.4,11.4,11.4,11.4,0,92,94,81,74.0,5.9,2026-08-07T06:29:00.000Z,10.6
POINT Z (-114.000258 51.109308 1082.87),3031094,2026-08-07T06:30:00.000Z,9.8,11.5,11.3,11.3,11.3,11.3,0,91,94,81,78.0,6.0,2026-08-07T06:30:00.000Z,10.4
POINT Z (-114.000258 51.109308 1082.87),3031094,2026-08-07T06:31:00.000Z,9.6,11.5,11.2,11.2,11.3,11.3,0,90,94,81,80.0,6.1,2026-08-07T06:31:00.000Z,10.3
POINT Z (-114.000258 51.109308 1082.87),3031094,2026-08-07T06:32:00.000Z,9.5,11.4,11.2,11.2,11.2,11.2,0,89,94,81,82.0,6.2,2026-08-07T06:32:00.000Z,10.2
POINT Z (-114.000258 51.109308 1082.87),3031094,2026-08-07T06:33:00.000Z,9.4,11.4,11.2,11.2,11.2,11.2,0,89,94,81,83.0,6.3,2026-08-07T06:33:00.000Z,10.1
POINT Z (-114.000258 51.109308 1082.87),3031094,2026-08-07T06:34:00.000Z,9.4,11.4,11.1,11.1,11.1,11.1,0,89,94,81,85.0,6.4,2026-08-07T06:34:00.000Z,10.1
POINT Z (-114.000258 51.109308 1082.87),3031094,2026-08-07T06:35:00.000Z,9.3,11.4,11.1,11.1,11.1,11.1,0,89,94,81,86.0,6.4,2026-08-07T06:35:00.000Z,10.0
POINT Z (-114.000258 51.109308 1082.87),3031094,2026-08-07T06:36:00.000Z,9.3,11.4,11.0,11.0,11.1,11.0,0,89,94,81,87.0,6.5,2026-08-07T06:36:00.000Z,10.0
POINT Z (-114.000258 51.109308 1082.87),3031094,2026-08-07T06:37:00.000Z,9.6,11.4,11.1,11.1,11.2,11.2,0,90,94,81,87.0,6.6,2026-08-07T06:37:00.000Z,10.2
POINT Z (-114.000258 51.109308 1082.87),3031094,2026-08-07T06:38:00.000Z,9.8,11.4,11.3,11.3,11.3,11.3,0,91,94,81,88.0,6.6,2026-08-07T06:38:00.000Z,10.4
POINT Z (-114.000258 51.109308 1082.87),3031094,2026-08-07T06:39:00.000Z,9.8,11.4,11.3,11.3,11.3,11.3,0,91,94,81,88.0,6.7,2026-08-07T06:39:00.000Z,10.4
POINT Z (-114.000258 51.109308 1082.87),3031094,2026-08-07T06:40:00.000Z,9.9,11.4,11.4,11.4,11.4,11.4,0,91,94,81,88.0,6.7,2026-08-07T06:40:00.000Z,10.5
POINT Z (-114.000258 51.109308 1082.87),3031094,2026-08-07T06:41:00.000Z,9.7,11.4,11.3,11.3,11.3,11.3,0,90,94,81,89.0,6.7,2026-08-07T06:41:00.000Z,10.4
POINT Z (-114.000258 51.109308 1082.87),3031094,2026-08-07T06:42:00.000Z,9.9,11.4,11.5,11.5,11.5,11.5,0,90,94,81,89.0,6.7,2026-08-07T06:42:00.000Z,10.5
POINT Z (-114.000258 51.109308 1082.87),3031094,2026-08-07T06:43:00.000Z,9.7,11.3,11.4,11.4,11.4,11.4,0,90,94,81,89.0,6.7,2026-08-07T06:43:00.000Z,10.4
POINT Z (-114.000258 51.109308 1082.87),3031094,2026-08-07T06:44:00.000Z,9.5,11.3,11.3,11.3,11.3,11.3,0,89,94,81,89.0,6.7,2026-08-07T06:44:00.000Z,10.2
POINT Z (-114.000258 51.109308 1082.87),3031094,2026-08-07T06:45:00.000Z,9.3,11.3,11.1,11.1,11.1,11.1,0,88,94,81,89.0,6.7,2026-08-07T06:45:00.000Z,10.0
POINT Z (-114.000258 51.109308 1082.87),3031094,2026-08-07T06:46:00.000Z,9.2,11.3,11.0,11.0,11.1,11.0,0,89,94,81,89.0,6.7,2026-08-07T06:46:00.000Z,9.9
POINT Z (-114.000258 51.109308 1082.87),3031094,2026-08-07T06:47:00.000Z,9.6,11.3,11.2,11.2,11.2,11.2,0,90,94,81,89.0,6.7,2026-08-07T06:47:00.000Z,10.2
POINT Z (-114.000258 51.109308 1082.87),3031094,2026-08-07T06:48:00.000Z,9.7,11.3,11.2,11.2,11.2,11.2,0,91,94,81,89.0,6.7,2026-08-07T06:48:00.000Z,10.3
POINT Z (-114.000258 51.109308 1082.87),3031094,2026-08-07T06:49:00.000Z,9.8,11.3,11.2,11.2,11.3,11.3,0,91,94,81,89.0,6.6,2026-08-07T06:49:00.000Z,10.4
POINT Z (-114.000258 51.109308 1082.87),3031094,2026-08-07T06:50:00.000Z,9.6,11.2,11.2,11.2,11.2,11.2,0,90,94,81,90.0,6.6,2026-08-07T06:50:00.000Z,10.3
POINT Z (-114.000258 51.109308 1082.87),3031094,2026-08-07T06:51:00.000Z,9.5,11.2,11.2,11.2,11.2,11.3,0,89,94,81,91.0,6.5,2026-08-07T06:51:00.000Z,10.2
POINT Z (-114.000258 51.109308 1082.87),3031094,2026-08-07T06:52:00.000Z,9.4,11.2,11.2,11.2,11.2,11.2,0,88,94,81,91.0,6.5,2026-08-07T06:52:00.000Z,10.2
POINT Z (-114.000258 51.109308 1082.87),3031094,2026-08-07T06:53:00.000Z,9.3,11.2,11.2,11.2,11.2,11.2,0,88,94,81,91.0,6.5,2026-08-07T06:53:00.000Z,10.1
POINT Z (-114.000258 51.109308 1082.87),3031094,2026-08-07T06:54:00.000Z,9.1,11.2,11.1,11.1,11.2,11.1,0,87,94,83,90.0,6.5,2026-08-07T06:54:00.000Z,9.9
POINT Z (-114.000258 51.109308 1082.87),3031094,2026-08-07T06:55:00.000Z,9.0,11.2,11.1,11.1,11.1,11.1,0,87,94,83,90.0,6.5,2026-08-07T06:55:00.000Z,9.9
POINT Z (-114.000258 51.109308 1082.87),3031094,2026-08-07T06:56:00.000Z,8.6,11.2,10.9,10.9,10.9,10.9,0,86,94,83,89.0,6.5,2026-08-07T06:56:00.000Z,9.6
POINT Z (-114.000258 51.109308 1082.87),3031094,2026-08-07T06:57:00.000Z,8.3,11.2,10.7,10.7,10.7,10.7,0,85,94,83,88.0,6.6,2026-08-07T06:57:00.000Z,9.3
POINT Z (-114.000258 51.109308 1082.87),3031094,2026-08-07T06:58:00.000Z,8.3,11.2,10.7,10.7,10.8,10.8,0,85,94,83,88.0,6.6,2026-08-07T06:58:00.000Z,9.3
POINT Z (-114.000258 51.109308 1082.87),3031094,2026-08-07T06:59:00.000Z,8.0,11.2,10.6,10.6,10.6,10.6,0,84,94,83,88.0,6.7,2026-08-07T06:59:00.000Z,9.1
POINT Z (-114.000258 51.109308 1082.87),3031094,2026-08-07T07:00:00.000Z,7.5,11.1,10.4,10.4,10.5,10.5,0,82,94,82,88.0,6.7,2026-08-07T07:00:00.000Z,8.8
POINT Z (-114.000258 51.109308 1082.87),3031094,2026-08-07T07:00:00.000Z,7.5,11.1,10.4,10.4,10.5,10.5,0,82,94,82,88.0,6.7,2026-08-07T07:00:00.000Z,8.8
POINT Z (-114.000258 51.109308 1082.87),3031094,2026-08-07T07:01:00.000Z,7.7,11.1,10.4,10.4,10.5,10.4,0,83,94,82,89.0,6.6,2026-08-07T07:01:00.000Z,8.9
POINT Z (-114.000258 51.109308 1082.87),3031094,2026-08-07T07:02:00.000Z,8.0,11.1,10.5,10.5,10.6,10.5,0,84,94,82,89.0,6.5,2026-08-07T07:02:00.000Z,9.1
POINT Z (-114.000258 51.109308 1082.87),3031094,2026-08-07T07:03:00.000Z,8.4,11.1,10.7,10.7,10.7,10.6,0,86,94,82,89.0,6.4,2026-08-07T07:03:00.000Z,9.4
POINT Z (-114.000258 51.109308 1082.87),3031094,2026-08-07T07:04:00.000Z,8.6,11.1,10.7,10.7,10.7,10.7,0,87,94,82,90.0,6.2,2026-08-07T07:04:00.000Z,9.5
POINT Z (-114.000258 51.109308 1082.87),3031094,2026-08-07T07:05:00.000Z,8.7,11.1,10.7,10.7,10.7,10.7,0,87,94,82,90.0,6.2,2026-08-07T07:05:00.000Z,9.6
POINT Z (-114.000258 51.109308 1082.87),3031094,2026-08-07T07:06:00.000Z,8.7,11.1,10.7,10.7,10.7,10.7,0,88,94,82,90.0,6.1,2026-08-07T07:06:00.000Z,9.5
POINT Z (-114.000258 51.109308 1082.87),3031094,2026-08-07T07:07:00.000Z,8.7,11.1,10.6,10.6,10.6,10.6,0,88,94,82,91.0,6.0,2026-08-07T07:07:00.000Z,9.5
POINT Z (-114.000258 51.109308 1082.87),3031094,2026-08-07T07:08:00.000Z,8.6,11.1,10.5,10.5,10.6,10.5,0,88,94,82,91.0,5.9,2026-08-07T07:08:00.000Z,9.4
POINT Z (-114.000258 51.109308 1082.87),3031094,2026-08-07T07:09:00.000Z,8.4,11.1,10.4,10.4,10.5,10.4,0,87,94,82,91.0,5.8,2026-08-07T07:09:00.000Z,9.3
POINT Z (-114.000258 51.109308 1082.87),3031094,2026-08-07T07:10:00.000Z,8.3,11.1,10.3,10.3,10.4,10.3,0,87,94,82,91.0,5.7,2026-08-07T07:10:00.000Z,9.1
POINT Z (-114.000258 51.109308 1082.87),3031094,2026-08-07T07:11:00.000Z,8.0,11.0,9.9,9.9,10.1,10.0,0,88,94,82,91.0,5.6,2026-08-07T07:11:00.000Z,8.8
POINT Z (-114.000258 51.109308 1082.87),3031094,2026-08-07T07:12:00.000Z,8.2,11.0,9.9,9.9,10.0,9.9,0,89,94,82,91.0,5.5,2026-08-07T07:12:00.000Z,8.9
POINT Z (-114.000258 51.109308 1082.87),3031094,2026-08-07T07:13:00.000Z,8.4,11.0,9.9,9.9,10.0,9.9,0,91,94,82,91.0,5.4,2026-08-07T07:13:00.000Z,9.0
POINT Z (-114.000258 51.109308 1082.87),3031094,2026-08-07T07:14:00.000Z,8.5,10.9,9.8,9.8,9.9,9.9,0,91,94,82,91.0,5.3,2026-08-07T07:14:00.000Z,9.1
POINT Z (-114.000258 51.109308 1082.87),3031094,2026-08-07T07:15:00.000Z,8.5,10.9,9.8,9.8,9.9,9.8,0,92,94,82,91.0,5.2,2026-08-07T07:15:00.000Z,9.1
POINT Z (-114.000258 51.109308 1082.87),3031094,2026-08-07T07:16:00.000Z,8.5,10.9,9.8,9.8,9.9,9.8,0,92,94,82,91.0,5.1,2026-08-07T07:16:00.000Z,9.1
POINT Z (-114.000258 51.109308 1082.87),3031094,2026-08-07T07:17:00.000Z,8.3,10.9,9.7,9.7,9.8,9.8,0,91,94,82,92.0,5.1,2026-08-07T07:17:00.000Z,8.9
POINT Z (-114.000258 51.109308 1082.87),3031094,2026-08-07T07:18:00.000Z,8.0,10.8,9.6,9.6,9.7,9.7,0,89,94,82,92.0,5.0,2026-08-07T07:18:00.000Z,8.7
POINT Z (-114.000258 51.109308 1082.87),3031094,2026-08-07T07:19:00.000Z,7.8,10.8,9.7,9.7,9.7,9.7,0,88,94,82,92.0,4.9,2026-08-07T07:19:00.000Z,8.6
POINT Z (-114.000258 51.109308 1082.87),3031094,2026-08-07T07:21:00.000Z,8.0,10.8,9.7,9.7,9.8,9.7,0,89,94,82,92.0,4.7,2026-08-07T07:21:00.000Z,8.7
POINT Z (-114.000258 51.109308 1082.87),3031094,2026-08-07T07:22:00.000Z,8.2,10.8,9.9,9.9,9.9,10.0,0,89,94,82,92.0,4.6,2026-08-07T07:22:00.000Z,9.0
POINT Z (-114.000258 51.109308 1082.87),3031094,2026-08-07T07:23:00.000Z,8.2,10.7,10.1,10.1,10.1,10.1,0,88,94,82,92.0,4.4,2026-08-07T07:23:00.000Z,9.0
POINT Z (-114.000258 51.109308 1082.87),3031094,2026-08-07T07:24:00.000Z,8.1,10.7,10.0,10.0,10.1,10.1,0,87,94,82,92.0,4.3,2026-08-07T07:24:00.000Z,8.9
POINT Z (-114.000258 51.109308 1082.87),3031094,2026-08-07T07:25:00.000Z,7.8,10.7,9.9,9.9,10.0,10.0,0,87,94,82,92.0,4.2,2026-08-07T07:25:00.000Z,8.7
POINT Z (-114.000258 51.109308 1082.87),3031094,2026-08-07T07:26:00.000Z,7.5,10.7,9.8,9.8,9.9,9.9,0,85,94,82,93.0,4.1,2026-08-07T07:26:00.000Z,8.5
POINT Z (-114.000258 51.109308 1082.87),3031094,2026-08-07T07:27:00.000Z,7.5,10.7,9.9,9.9,10.0,10.0,0,85,94,82,93.0,4.0,2026-08-07T07:27:00.000Z,8.6
POINT Z (-114.000258 51.109308 1082.87),3031094,2026-08-07T07:28:00.000Z,7.7,10.6,10.1,10.1,10.1,10.1,0,85,93,82,93.0,3.8,2026-08-07T07:28:00.000Z,8.8
POINT Z (-114.000258 51.109308 1082.87),3031094,2026-08-07T07:29:00.000Z,7.6,10.6,10.1,10.1,10.1,10.1,0,85,92,82,93.0,3.7,2026-08-07T07:29:00.000Z,8.7
POINT Z (-114.000258 51.109308 1082.87),3031094,2026-08-07T07:30:00.000Z,7.4,10.6,9.9,9.9,10.0,10.0,0,84,92,82,94.0,3.5,2026-08-07T07:30:00.000Z,8.5
POINT Z (-114.000258 51.109308 1082.87),3031094,2026-08-07T07:31:00.000Z,7.3,10.6,9.9,9.9,10.0,10.0,0,84,92,82,94.0,3.4,2026-08-07T07:31:00.000Z,8.4
POINT Z (-114.000258 51.109308 1082.87),3031094,2026-08-07T07:32:00.000Z,7.5,10.6,10.1,10.1,10.1,10.2,0,84,92,82,95.0,3.2,2026-08-07T07:32:00.000Z,8.6
POINT Z (-114.000258 51.109308 1082.87),3031094,2026-08-07T07:33:00.000Z,7.2,10.5,9.9,9.9,10.0,10.0,0,83,92,82,95.0,3.1,2026-08-07T07:33:00.000Z,8.4
POINT Z (-114.000258 51.109308 1082.87),3031094,2026-08-07T07:34:00.000Z,6.5,10.5,9.6,9.6,9.7,9.7,0,81,92,81,95.0,2.9,2026-08-07T07:34:00.000Z,7.9
POINT Z (-114.000258 51.109308 1082.87),3031094,2026-08-07T07:35:00.000Z,6.3,10.5,9.6,9.6,9.7,9.6,0,80,92,80,96.0,2.8,2026-08-07T07:35:00.000Z,7.8
POINT Z (-114.000258 51.109308 1082.87),3031094,2026-08-07T07:36:00.000Z,6.8,10.5,9.8,9.8,9.8,9.8,0,82,92,80,96.0,2.7,2026-08-07T07:36:00.000Z,8.1
POINT Z (-114.000258 51.109308 1082.87),3031094,2026-08-07T07:37:00.000Z,7.1,10.5,9.9,9.9,9.9,9.9,0,83,92,80,96.0,2.5,2026-08-07T07:37:00.000Z,8.3
POINT Z (-114.000258 51.109308 1082.87),3031094,2026-08-07T07:38:00.000Z,7.1,10.4,9.8,9.8,9.8,9.8,0,83,92,80,96.0,2.4,2026-08-07T07:38:00.000Z,8.3
POINT Z (-114.000258 51.109308 1082.87),3031094,2026-08-07T07:39:00.000Z,7.1,10.4,9.8,9.8,9.8,9.8,0,84,92,80,96.0,2.3,2026-08-07T07:39:00.000Z,8.3
POINT Z (-114.000258 51.109308 1082.87),3031094,2026-08-07T07:40:00.000Z,7.2,10.4,9.7,9.7,9.7,9.7,0,84,92,80,96.0,2.3,2026-08-07T07:40:00.000Z,8.3
POINT Z (-114.000258 51.109308 1082.87),3031094,2026-08-07T07:41:00.000Z,7.1,10.3,9.6,9.6,9.7,9.6,0,84,92,80,95.0,2.2,2026-08-07T07:41:00.000Z,8.2
POINT Z (-114.000258 51.109308 1082.87),3031094,2026-08-07T07:42:00.000Z,7.2,10.3,9.7,9.7,9.7,9.7,0,85,92,80,95.0,2.1,2026-08-07T07:42:00.000Z,8.3
POINT Z (-114.000258 51.109308 1082.87),3031094,2026-08-07T07:43:00.000Z,7.5,10.3,9.8,9.8,9.8,9.8,0,85,92,80,95.0,2.1,2026-08-07T07:43:00.000Z,8.5
POINT Z (-114.000258 51.109308 1082.87),3031094,2026-08-07T07:44:00.000Z,7.6,10.3,9.8,9.8,9.9,9.8,0,86,92,80,94.0,2.1,2026-08-07T07:44:00.000Z,8.6
POINT Z (-114.000258 51.109308 1082.87),3031094,2026-08-07T07:45:00.000Z,7.4,10.2,9.8,9.8,9.8,9.8,0,85,92,80,93.0,2.0,2026-08-07T07:45:00.000Z,8.5
POINT Z (-114.000258 51.109308 1082.87),3031094,2026-08-07T07:46:00.000Z,7.0,10.2,9.6,9.6,9.6,9.6,0,84,92,80,93.0,2.0,2026-08-07T07:46:00.000Z,8.1
POINT Z (-114.000258 51.109308 1082.87),3031094,2026-08-07T07:47:00.000Z,6.6,10.2,9.6,9.6,9.6,9.6,0,82,92,80,91.0,1.9,2026-08-07T07:47:00.000Z,8.0
POINT Z (-114.000258 51.109308 1082.87),3031094,2026-08-07T07:48:00.000Z,6.9,10.2,9.6,9.6,9.6,9.6,0,83,92,80,90.0,1.9,2026-08-07T07:48:00.000Z,8.1
POINT Z (-114.000258 51.109308 1082.87),3031094,2026-08-07T07:49:00.000Z,6.9,10.1,9.7,9.7,9.7,9.7,0,83,92,80,88.0,1.9,2026-08-07T07:49:00.000Z,8.1
POINT Z (-114.000258 51.109308 1082.87),3031094,2026-08-07T07:50:00.000Z,7.0,10.1,9.7,9.7,9.7,9.7,0,83,92,80,86.0,1.9,2026-08-07T07:50:00.000Z,8.2
POINT Z (-114.000258 51.109308 1082.87),3031094,2026-08-07T07:51:00.000Z,6.9,10.1,9.6,9.6,9.6,9.6,0,83,92,80,84.0,1.9,2026-08-07T07:51:00.000Z,8.1
POINT Z (-114.000258 51.109308 1082.87),3031094,2026-08-07T07:52:00.000Z,7.2,10.1,9.7,9.7,9.7,9.7,0,84,92,80,82.0,1.9,2026-08-07T07:52:00.000Z,8.3
POINT Z (-114.000258 51.109308 1082.87),3031094,2026-08-07T07:53:00.000Z,7.2,10.0,9.6,9.6,9.7,9.7,0,85,92,80,80.0,1.8,2026-08-07T07:53:00.000Z,8.3
POINT Z (-114.000258 51.109308 1082.87),3031094,2026-08-07T07:54:00.000Z,7.0,10.0,9.5,9.5,9.5,9.5,0,85,92,80,79.0,1.8,2026-08-07T07:54:00.000Z,8.1
POINT Z (-114.000258 51.109308 1082.87),3031094,2026-08-07T07:55:00.000Z,7.0,10.0,9.5,9.5,9.6,9.6,0,84,92,80,77.0,1.8,2026-08-07T07:55:00.000Z,8.1
POINT Z (-114.000258 51.109308 1082.87),3031094,2026-08-07T07:56:00.000Z,7.4,10.0,9.7,9.7,9.7,9.7,0,85,92,80,75.0,1.7,2026-08-07T07:56:00.000Z,8.4
POINT Z (-114.000258 51.109308 1082.87),3031094,2026-08-07T07:57:00.000Z,7.4,9.9,9.7,9.7,9.7,9.7,0,86,92,80,74.0,1.6,2026-08-07T07:57:00.000Z,8.4
POINT Z (-114.000258 51.109308 1082.87),3031094,2026-08-07T07:58:00.000Z,7.1,9.9,9.4,9.4,9.5,9.5,0,85,92,80,73.0,1.6,2026-08-07T07:58:00.000Z,8.1
POINT Z (-114.000258 51.109308 1082.87),3031094,2026-08-07T07:59:00.000Z,7.2,9.9,9.6,9.6,9.6,9.6,0,85,92,80,73.0,1.5,2026-08-07T07:59:00.000Z,8.3
POINT Z (-114.000258 51.109308 1082.87),3031094,2026-08-07T08:00:00.000Z,7.4,9.9,9.7,9.7,9.7,9.7,0,86,92,80,72.0,1.4,2026-08-07T08:00:00.000Z,8.4
POINT Z (-114.000258 51.109308 1082.87),3031094,2026-08-07T08:00:00.000Z,7.4,9.9,9.7,9.7,9.7,9.7,0,86,92,80,72.0,1.4,2026-08-07T08:00:00.000Z,8.4
POINT Z (-114.000258 51.109308 1082.87),3031094,2026-08-07T08:01:00.000Z,7.3,9.9,9.6,9.6,9.6,9.6,0,85,92,80,71.0,1.4,2026-08-07T08:01:00.000Z,8.3
POINT Z (-114.000258 51.109308 1082.87),3031094,2026-08-07T08:02:00.000Z,7.0,9.9,9.5,9.5,9.5,9.5,0,85,92,80,71.0,1.3,2026-08-07T08:02:00.000Z,8.1
POINT Z (-114.000258 51.109308 1082.87),3031094,2026-08-07T08:03:00.000Z,7.3,9.9,9.7,9.7,9.8,9.8,0,85,92,80,70.0,1.3,2026-08-07T08:03:00.000Z,8.4
POINT Z (-114.000258 51.109308 1082.87),3031094,2026-08-07T08:04:00.000Z,6.9,9.8,9.6,9.6,9.6,9.6,0,84,92,80,70.0,1.3,2026-08-07T08:04:00.000Z,8.1
POINT Z (-114.000258 51.109308 1082.87),3031094,2026-08-07T08:05:00.000Z,6.8,9.8,9.6,9.6,9.7,9.7,0,82,92,80,69.0,1.2,2026-08-07T08:05:00.000Z,8.1
POINT Z (-114.000258 51.109308 1082.87),3031094,2026-08-07T08:06:00.000Z,7.3,9.8,9.9,9.9,9.9,10.0,0,84,92,80,68.0,1.1,2026-08-07T08:06:00.000Z,8.4
POINT Z (-114.000258 51.109308 1082.87),3031094,2026-08-07T08:07:00.000Z,7.6,9.8,10.1,10.1,10.1,10.1,0,85,92,80,68.0,1.1,2026-08-07T08:07:00.000Z,8.7
POINT Z (-114.000258 51.109308 1082.87),3031094,2026-08-07T08:08:00.000Z,7.4,9.8,10.0,10.0,10.0,10.0,0,84,92,80,68.0,1.0,2026-08-07T08:08:00.000Z,8.5
POINT Z (-114.000258 51.109308 1082.87),3031094,2026-08-07T08:09:00.000Z,7.8,9.8,10.4,10.4,10.4,10.4,0,84,92,80,67.0,1.0,2026-08-07T08:09:00.000Z,8.9
POINT Z (-114.000258 51.109308 1082.87),3031094,2026-08-07T08:10:00.000Z,7.7,9.8,10.4,10.4,10.4,10.4,0,83,92,80,68.0,0.9,2026-08-07T08:10:00.000Z,8.9
POINT Z (-114.000258 51.109308 1082.87),3031094,2026-08-07T08:11:00.000Z,7.1,9.8,10.1,10.1,10.1,10.1,0,82,92,80,68.0,0.9,2026-08-07T08:11:00.000Z,8.4
POINT Z (-114.000258 51.109308 1082.87),3031094,2026-08-07T08:12:00.000Z,5.7,9.8,9.3,9.3,9.4,9.3,0,78,92,78,68.0,0.9,2026-08-07T08:12:00.000Z,7.4
POINT Z (-114.000258 51.109308 1082.87),3031094,2026-08-07T08:13:00.000Z,5.7,9.8,9.1,9.1,9.2,9.1,0,79,92,78,69.0,0.9,2026-08-07T08:13:00.000Z,7.3
POINT Z (-114.000258 51.109308 1082.87),3031094,2026-08-07T08:14:00.000Z,6.1,9.8,9.1,9.1,9.2,9.2,0,81,92,78,69.0,0.8,2026-08-07T08:14:00.000Z,7.5
POINT Z (-114.000258 51.109308 1082.87),3031094,2026-08-07T08:15:00.000Z,6.5,9.7,9.3,9.3,9.4,9.3,0,83,92,78,70.0,0.8,2026-08-07T08:15:00.000Z,7.8
POINT Z (-114.000258 51.109308 1082.87),3031094,2026-08-07T08:16:00.000Z,7.0,9.7,9.5,9.5,9.6,9.6,0,84,92,78,70.0,0.8,2026-08-07T08:16:00.000Z,8.1
POINT Z (-114.000258 51.109308 1082.87),3031094,2026-08-07T08:17:00.000Z,6.8,9.7,9.5,9.5,9.5,9.5,0,84,91,78,71.0,0.7,2026-08-07T08:17:00.000Z,8.0
POINT Z (-114.000258 51.109308 1082.87),3031094,2026-08-07T08:18:00.000Z,6.9,9.7,9.5,9.5,9.5,9.5,0,84,89,78,72.0,0.7,2026-08-07T08:18:00.000Z,8.1
POINT Z (-114.000258 51.109308 1082.87),3031094,2026-08-07T08:19:00.000Z,6.9,9.7,9.6,9.6,9.6,9.6,0,84,89,78,72.0,0.7,2026-08-07T08:19:00.000Z,8.1
POINT Z (-114.000258 51.109308 1082.87),3031094,2026-08-07T08:20:00.000Z,6.7,9.7,9.5,9.5,9.5,9.4,0,83,89,78,73.0,0.7,2026-08-07T08:20:00.000Z,7.9
POINT Z (-114.000258 51.109308 1082.87),3031094,2026-08-07T08:21:00.000Z,6.5,9.7,9.4,9.4,9.4,9.4,0,82,89,78,74.0,0.7,2026-08-07T08:21:00.000Z,7.8
POINT Z (-114.000258 51.109308 1082.87),3031094,2026-08-07T08:22:00.000Z,6.7,9.7,9.5,9.5,9.6,9.6,0,83,89,78,74.0,0.7,2026-08-07T08:22:00.000Z,8.0
POINT Z (-114.000258 51.109308 1082.87),3031094,2026-08-07T08:23:00.000Z,6.7,9.7,9.5,9.5,9.5,9.5,0,83,88,78,74.0,0.7,2026-08-07T08:23:00.000Z,7.9
POINT Z (-114.000258 51.109308 1082.87),3031094,2026-08-07T08:24:00.000Z,6.7,9.7,9.4,9.4,9.5,9.5,0,83,87,78,73.0,0.7,2026-08-07T08:24:00.000Z,7.9
POINT Z (-114.000258 51.109308 1082.87),3031094,2026-08-07T08:25:00.000Z,6.7,9.7,9.5,9.5,9.5,9.5,0,83,87,78,72.0,0.7,2026-08-07T08:25:00.000Z,7.9
POINT Z (-114.000258 51.109308 1082.87),3031094,2026-08-07T08:26:00.000Z,6.3,9.7,9.2,9.2,9.3,9.2,0,82,86,78,71.0,0.7,2026-08-07T08:26:00.000Z,7.6
POINT Z (-114.000258 51.109308 1082.87),3031094,2026-08-07T08:27:00.000Z,7.0,9.7,9.6,9.6,9.6,9.7,0,84,86,78,70.0,0.7,2026-08-07T08:27:00.000Z,8.2
POINT Z (-114.000258 51.109308 1082.87),3031094,2026-08-07T08:28:00.000Z,6.6,9.7,9.3,9.3,9.4,9.3,0,83,86,78,69.0,0.7,2026-08-07T08:28:00.000Z,7.8
POINT Z (-114.000258 51.109308 1082.87),3031094,2026-08-07T08:29:00.000Z,6.3,9.6,9.1,9.1,9.2,9.1,0,82,86,78,68.0,0.7,2026-08-07T08:29:00.000Z,7.6
POINT Z (-114.000258 51.109308 1082.87),3031094,2026-08-07T08:30:00.000Z,6.3,9.6,9.2,9.2,9.2,9.2,0,82,86,78,66.0,0.7,2026-08-07T08:30:00.000Z,7.6
POINT Z (-114.000258 51.109308 1082.87),3031094,2026-08-07T08:31:00.000Z,6.8,9.6,9.4,9.4,9.4,9.4,0,83,86,78,64.0,0.7,2026-08-07T08:31:00.000Z,8.0
POINT Z (-114.000258 51.109308 1082.87),3031094,2026-08-07T08:32:00.000Z,6.8,9.6,9.5,9.5,9.5,9.5,0,83,86,78,62.0,0.7,2026-08-07T08:32:00.000Z,8.0
POINT Z (-114.000258 51.109308 1082.87),3031094,2026-08-07T08:33:00.000Z,6.9,9.6,9.6,9.6,9.6,9.6,0,84,86,78,60.0,0.7,2026-08-07T08:33:00.000Z,8.1
POINT Z (-114.000258 51.109308 1082.87),3031094,2026-08-07T08:34:00.000Z,6.6,9.6,9.3,9.3,9.3,9.3,0,83,86,78,58.0,0.7,2026-08-07T08:34:00.000Z,7.8
POINT Z (-114.000258 51.109308 1082.87),3031094,2026-08-07T08:35:00.000Z,6.9,9.6,9.6,9.6,9.6,9.6,0,83,86,78,57.0,0.7,2026-08-07T08:35:00.000Z,8.1
POINT Z (-114.000258 51.109308 1082.87),3031094,2026-08-07T08:36:00.000Z,6.7,9.6,9.4,9.4,9.5,9.5,0,83,86,78,55.0,0.7,2026-08-07T08:36:00.000Z,7.9
POINT Z (-114.000258 51.109308 1082.87),3031094,2026-08-07T08:37:00.000Z,7.5,9.6,9.9,9.9,9.9,10.0,0,85,86,78,53.0,0.7,2026-08-07T08:37:00.000Z,8.6
POINT Z (-114.000258 51.109308 1082.87),3031094,2026-08-07T08:38:00.000Z,7.7,9.6,10.1,10.1,10.1,10.1,0,85,86,78,51.0,0.7,2026-08-07T08:38:00.000Z,8.7
POINT Z (-114.000258 51.109308 1082.87),3031094,2026-08-07T08:39:00.000Z,7.1,9.6,9.8,9.8,9.8,9.8,0,83,86,78,52.0,0.7,2026-08-07T08:39:00.000Z,8.3
POINT Z (-114.000258 51.109308 1082.87),3031094,2026-08-07T08:40:00.000Z,6.8,9.6,9.6,9.6,9.7,9.6,0,82,86,78,55.0,0.7,2026-08-07T08:40:00.000Z,8.1
POINT Z (-114.000258 51.109308 1082.87),3031094,2026-08-07T08:41:00.000Z,5.9,9.6,9.2,9.2,9.2,9.2,0,80,86,78,57.0,0.7,2026-08-07T08:41:00.000Z,7.4
POINT Z (-114.000258 51.109308 1082.87),3031094,2026-08-07T08:42:00.000Z,6.1,9.6,9.2,9.2,9.3,9.2,0,81,86,78,59.0,0.7,2026-08-07T08:42:00.000Z,7.5
POINT Z (-114.000258 51.109308 1082.87),3031094,2026-08-07T08:43:00.000Z,6.5,9.6,9.3,9.3,9.3,9.3,0,82,86,78,61.0,0.7,2026-08-07T08:43:00.000Z,7.8
POINT Z (-114.000258 51.109308 1082.87),3031094,2026-08-07T08:44:00.000Z,6.2,9.6,9.2,9.2,9.3,9.2,0,82,86,78,62.0,0.7,2026-08-07T08:44:00.000Z,7.6
POINT Z (-114.000258 51.109308 1082.87),3031094,2026-08-07T08:45:00.000Z,6.5,9.6,9.2,9.2,9.3,9.3,0,83,86,78,65.0,0.7,2026-08-07T08:45:00.000Z,7.7
POINT Z (-114.000258 51.109308 1082.87),3031094,2026-08-07T08:46:00.000Z,6.4,9.5,9.2,9.2,9.2,9.2,0,83,86,78,66.0,0.7,2026-08-07T08:46:00.000Z,7.7
POINT Z (-114.000258 51.109308 1082.87),3031094,2026-08-07T08:47:00.000Z,6.7,9.5,9.4,9.4,9.4,9.4,0,83,86,78,68.0,0.8,2026-08-07T08:47:00.000Z,7.9
POINT Z (-114.000258 51.109308 1082.87),3031094,2026-08-07T08:48:00.000Z,6.9,9.5,9.4,9.4,9.5,9.5,0,84,86,78,70.0,0.8,2026-08-07T08:48:00.000Z,8.0
POINT Z (-114.000258 51.109308 1082.87),3031094,2026-08-07T08:49:00.000Z,6.4,9.5,9.3,9.3,9.3,9.3,0,82,86,78,71.0,0.8,2026-08-07T08:49:00.000Z,7.7
POINT Z (-114.000258 51.109308 1082.87),3031094,2026-08-07T08:50:00.000Z,6.5,9.5,9.3,9.3,9.3,9.3,0,83,86,78,72.0,0.8,2026-08-07T08:50:00.000Z,7.8
POINT Z (-114.000258 51.109308 1082.87),3031094,2026-08-07T08:51:00.000Z,6.5,9.5,9.2,9.2,9.2,9.2,0,83,86,78,73.0,0.8,2026-08-07T08:51:00.000Z,7.7
POINT Z (-114.000258 51.109308 1082.87),3031094,2026-08-07T08:52:00.000Z,5.9,9.5,8.8,8.8,8.9,8.9,0,82,86,78,74.0,0.8,2026-08-07T08:52:00.000Z,7.3
POINT Z (-114.000258 51.109308 1082.87),3031094,2026-08-07T08:53:00.000Z,6.1,9.5,8.9,8.9,9.0,8.9,0,82,86,78,75.0,0.8,2026-08-07T08:53:00.000Z,7.4
POINT Z (-114.000258 51.109308 1082.87),3031094,2026-08-07T08:54:00.000Z,6.6,9.5,9.1,9.1,9.2,9.2,0,84,86,78,76.0,0.8,2026-08-07T08:54:00.000Z,7.7
POINT Z (-114.000258 51.109308 1082.87),3031094,2026-08-07T08:55:00.000Z,6.7,9.5,9.2,9.2,9.3,9.3,0,84,86,78,,0.9,2026-08-07T08:55:00.000Z,7.8
POINT Z (-114.000258 51.109308 1082.87),3031094,2026-08-07T08:56:00.000Z,7.0,9.5,9.5,9.5,9.5,9.5,0,85,86,78,80.0,0.9,2026-08-07T08:56:00.000Z,8.1
POINT Z (-114.000258 51.109308 1082.87),3031094,2026-08-07T08:57:00.000Z,7.0,9.5,9.4,9.4,9.5,9.5,0,84,86,78,82.0,0.9,2026-08-07T08:57:00.000Z,8.1
POINT Z (-114.000258 51.109308 1082.87),3031094,2026-08-07T08:58:00.000Z,6.6,9.5,9.2,9.2,9.3,9.2,0,83,86,78,83.0,1.0,2026-08-07T08:58:00.000Z,7.8
POINT Z (-114.000258 51.109308 1082.87),3031094,2026-08-07T08:59:00.000Z,6.9,9.5,9.4,9.4,9.4,9.4,0,84,86,78,84.0,1.0,2026-08-07T08:59:00.000Z,8.0
POINT Z (-114.000258 51.109308 1082.87),3031094,2026-08-07T09:00:00.000Z,7.0,9.5,9.4,9.4,9.4,9.4,0,85,86,78,85.0,1.1,2026-08-07T09:00:00.000Z,8.1
POINT Z (-114.000258 51.109308 1082.87),3031094,2026-08-07T09:00:00.000Z,7.0,9.5,9.4,9.4,9.4,9.4,0,85,86,78,85.0,1.1,2026-08-07T09:00:00.000Z,8.1
POINT Z (-114.000258 51.109308 1082.87),3031094,2026-08-07T09:01:00.000Z,7.1,9.5,9.4,9.4,9.5,9.5,0,85,85,78,86.0,1.1,2026-08-07T09:01:00.000Z,8.1
POINT Z (-114.000258 51.109308 1082.87),3031094,2026-08-07T09:02:00.000Z,6.8,9.5,9.3,9.3,9.3,9.3,0,84,85,78,87.0,1.2,2026-08-07T09:02:00.000Z,7.9
POINT Z (-114.000258 51.109308 1082.87),3031094,2026-08-07T09:03:00.000Z,6.8,9.5,9.3,9.3,9.3,9.3,0,84,85,78,87.0,1.2,2026-08-07T09:03:00.000Z,7.9
POINT Z (-114.000258 51.109308 1082.87),3031094,2026-08-07T09:04:00.000Z,6.8,9.4,9.3,9.3,9.3,9.3,0,84,85,78,88.0,1.3,2026-08-07T09:04:00.000Z,7.9
POINT Z (-114.000258 51.109308 1082.87),3031094,2026-08-07T09:05:00.000Z,6.3,9.4,9.1,9.1,9.1,9.1,0,83,85,78,89.0,1.3,2026-08-07T09:05:00.000Z,7.6
POINT Z (-114.000258 51.109308 1082.87),3031094,2026-08-07T09:06:00.000Z,5.9,9.4,8.9,8.9,9.0,8.9,0,81,85,78,91.0,1.4,2026-08-07T09:06:00.000Z,7.3
POINT Z (-114.000258 51.109308 1082.87),3031094,2026-08-07T09:07:00.000Z,6.0,9.4,8.9,8.9,9.0,8.9,0,82,85,78,91.0,1.4,2026-08-07T09:07:00.000Z,7.3
POINT Z (-114.000258 51.109308 1082.87),3031094,2026-08-07T09:08:00.000Z,6.2,9.4,8.9,8.9,9.0,9.0,0,83,85,78,92.0,1.5,2026-08-07T09:08:00.000Z,7.4
POINT Z (-114.000258 51.109308 1082.87),3031094,2026-08-07T09:09:00.000Z,6.2,9.4,8.9,8.9,8.9,8.9,0,83,85,78,93.0,1.5,2026-08-07T09:09:00.000Z,7.4
POINT Z (-114.000258 51.109308 1082.87),3031094,2026-08-07T09:10:00.000Z,6.2,9.3,8.9,8.9,8.9,8.9,0,83,85,78,93.0,1.6,2026-08-07T09:10:00.000Z,7.4
POINT Z (-114.000258 51.109308 1082.87),3031094,2026-08-07T09:11:00.000Z,6.5,9.3,9.0,9.0,9.0,9.0,0,84,85,78,94.0,1.6,2026-08-07T09:11:00.000Z,7.6
POINT Z (-114.000258 51.109308 1082.87),3031094,2026-08-07T09:12:00.000Z,6.7,9.3,9.0,9.0,9.1,9.0,0,85,85,78,94.0,1.7,2026-08-07T09:12:00.000Z,7.8
POINT Z (-114.000258 51.109308 1082.87),3031094,2026-08-07T09:13:00.000Z,6.7,9.3,9.0,9.0,9.1,9.1,0,86,86,79,94.0,1.7,2026-08-07T09:13:00.000Z,7.8
POINT Z (-114.000258 51.109308 1082.87),3031094,2026-08-07T09:14:00.000Z,6.5,9.3,8.8,8.8,8.9,8.8,0,85,86,79,95.0,1.7,2026-08-07T09:14:00.000Z,7.5
POINT Z (-114.000258 51.109308 1082.87),3031094,2026-08-07T09:15:00.000Z,6.3,9.3,8.7,8.7,8.8,8.8,0,85,86,79,95.0,1.8,2026-08-07T09:15:00.000Z,7.4
POINT Z (-114.000258 51.109308 1082.87),3031094,2026-08-07T09:16:00.000Z,6.7,9.3,8.9,8.9,9.0,9.0,0,86,86,79,95.0,1.8,2026-08-07T09:16:00.000Z,7.7
POINT Z (-114.000258 51.109308 1082.87),3031094,2026-08-07T09:17:00.000Z,6.7,9.3,8.9,8.9,8.9,8.9,0,86,87,79,95.0,1.9,2026-08-07T09:17:00.000Z,7.7
POINT Z (-114.000258 51.109308 1082.87),3031094,2026-08-07T09:18:00.000Z,6.9,9.3,9.0,9.0,9.0,9.0,0,87,87,79,95.0,1.9,2026-08-07T09:18:00.000Z,7.8
POINT Z (-114.000258 51.109308 1082.87),3031094,2026-08-07T09:19:00.000Z,6.9,9.3,9.0,9.0,9.0,9.0,0,87,87,79,94.0,2.0,2026-08-07T09:19:00.000Z,7.8
POINT Z (-114.000258 51.109308 1082.87),3031094,2026-08-07T09:21:00.000Z,7.0,9.2,9.0,9.0,9.1,9.1,0,87,87,79,93.0,2.1,2026-08-07T09:21:00.000Z,7.9
POINT Z (-114.000258 51.109308 1082.87),3031094,2026-08-07T09:22:00.000Z,7.1,9.2,9.1,9.1,9.1,9.1,0,87,87,79,93.0,2.1,2026-08-07T09:22:00.000Z,8.0
POINT Z (-114.000258 51.109308 1082.87),3031094,2026-08-07T09:23:00.000Z,7.1,9.2,9.1,9.1,9.1,9.1,0,87,87,79,94.0,2.2,2026-08-07T09:23:00.000Z,8.0
POINT Z (-114.000258 51.109308 1082.87),3031094,2026-08-07T09:24:00.000Z,7.1,9.2,9.1,9.1,9.1,9.1,0,87,87,79,95.0,2.3,2026-08-07T09:24:00.000Z,8.0
POINT Z (-114.000258 51.109308 1082.87),3031094,2026-08-07T09:25:00.000Z,7.1,9.2,9.2,9.2,9.2,9.2,0,87,87,79,97.0,2.3,2026-08-07T09:25:00.000Z,8.0
POINT Z (-114.000258 51.109308 1082.87),3031094,2026-08-07T09:26:00.000Z,7.1,9.2,9.2,9.2,9.2,9.2,0,87,87,79,99.0,2.4,2026-08-07T09:26:00.000Z,8.0
POINT Z (-114.000258 51.109308 1082.87),3031094,2026-08-07T09:27:00.000Z,7.2,9.2,9.2,9.2,9.2,9.2,0,87,87,79,100.0,2.5,2026-08-07T09:27:00.000Z,8.1
POINT Z (-114.000258 51.109308 1082.87),3031094,2026-08-07T09:28:00.000Z,7.1,9.2,9.1,9.1,9.2,9.1,0,87,87,79,101.0,2.6,2026-08-07T09:28:00.000Z,8.0
POINT Z (-114.000258 51.109308 1082.87),3031094,2026-08-07T09:29:00.000Z,7.1,9.2,9.1,9.1,9.2,9.2,0,87,87,79,103.0,2.7,2026-08-07T09:29:00.000Z,8.0
POINT Z (-114.000258 51.109308 1082.87),3031094,2026-08-07T09:30:00.000Z,7.2,9.2,9.1,9.1,9.2,9.1,0,88,88,79,105.0,2.7,2026-08-07T09:30:00.000Z,8.1
POINT Z (-114.000258 51.109308 1082.87),3031094,2026-08-07T09:31:00.000Z,6.9,9.2,8.9,8.9,9.0,8.9,0,87,88,79,107.0,2.8,2026-08-07T09:31:00.000Z,7.8
POINT Z (-114.000258 51.109308 1082.87),3031094,2026-08-07T09:32:00.000Z,6.8,9.2,8.8,8.8,8.9,8.8,0,87,88,79,109.0,2.8,2026-08-07T09:32:00.000Z,7.7
POINT Z (-114.000258 51.109308 1082.87),3031094,2026-08-07T09:33:00.000Z,7.0,9.2,8.9,8.9,9.0,8.9,0,88,88,79,111.0,2.8,2026-08-07T09:33:00.000Z,7.9
POINT Z (-114.000258 51.109308 1082.87),3031094,2026-08-07T09:34:00.000Z,7.3,9.2,9.1,9.1,9.1,9.1,0,89,89,79,113.0,2.8,2026-08-07T09:34:00.000Z,8.1
POINT Z (-114.000258 51.109308 1082.87),3031094,2026-08-07T09:35:00.000Z,7.4,9.2,9.1,9.1,9.1,9.1,0,89,89,79,114.0,2.8,2026-08-07T09:35:00.000Z,8.1
POINT Z (-114.000258 51.109308 1082.87),3031094,2026-08-07T09:36:00.000Z,7.4,9.2,9.1,9.1,9.1,9.1,0,89,89,79,116.0,2.8,2026-08-07T09:36:00.000Z,8.1
POINT Z (-114.000258 51.109308 1082.87),3031094,2026-08-07T09:37:00.000Z,7.3,9.1,9.0,9.0,9.1,9.0,0,89,89,79,117.0,2.9,2026-08-07T09:37:00.000Z,8.1
POINT Z (-114.000258 51.109308 1082.87),3031094,2026-08-07T09:38:00.000Z,7.3,9.1,9.0,9.0,9.0,9.0,0,89,89,79,118.0,2.9,2026-08-07T09:38:00.000Z,8.1
POINT Z (-114.000258 51.109308 1082.87),3031094,2026-08-07T09:39:00.000Z,7.3,9.1,9.0,9.0,9.0,9.0,0,89,89,79,119.0,2.9,2026-08-07T09:39:00.000Z,8.0
POINT Z (-114.000258 51.109308 1082.87),3031094,2026-08-07T09:40:00.000Z,7.2,9.1,8.9,8.9,9.0,8.9,0,89,89,79,120.0,2.9,2026-08-07T09:40:00.000Z,8.0
POINT Z (-114.000258 51.109308 1082.87),3031094,2026-08-07T09:41:00.000Z,7.3,9.1,9.0,9.0,9.0,9.0,0,89,89,79,121.0,2.9,2026-08-07T09:41:00.000Z,8.0
POINT Z (-114.000258 51.109308 1082.87),3031094,2026-08-07T09:42:00.000Z,7.2,9.1,9.0,9.0,9.0,9.0,0,88,89,81,122.0,2.8,2026-08-07T09:42:00.000Z,8.0
POINT Z (-114.000258 51.109308 1082.87),3031094,2026-08-07T09:43:00.000Z,7.4,9.1,9.2,9.2,9.2,9.2,0,88,89,81,122.0,2.8,2026-08-07T09:43:00.000Z,8.2
POINT Z (-114.000258 51.109308 1082.87),3031094,2026-08-07T09:44:00.000Z,7.7,9.1,9.3,9.3,9.3,9.3,0,89,89,81,123.0,2.8,2026-08-07T09:44:00.000Z,8.4
POINT Z (-114.000258 51.109308 1082.87),3031094,2026-08-07T09:45:00.000Z,7.5,9.1,9.2,9.2,9.2,9.2,0,89,89,81,123.0,2.8,2026-08-07T09:45:00.000Z,8.3
POINT Z (-114.000258 51.109308 1082.87),3031094,2026-08-07T09:46:00.000Z,7.1,9.1,9.1,9.1,9.1,9.1,0,87,89,81,123.0,2.8,2026-08-07T09:46:00.000Z,8.0
POINT Z (-114.000258 51.109308 1082.87),3031094,2026-08-07T09:47:00.000Z,6.9,9.1,9.0,9.0,9.0,9.0,0,87,89,81,123.0,2.9,2026-08-07T09:47:00.000Z,7.8
POINT Z (-114.000258 51.109308 1082.87),3031094,2026-08-07T09:48:00.000Z,6.5,9.1,8.7,8.7,8.8,8.8,0,86,89,81,123.0,2.9,2026-08-07T09:48:00.000Z,7.5
POINT Z (-114.000258 51.109308 1082.87),3031094,2026-08-07T09:49:00.000Z,6.3,9.1,8.5,8.5,8.6,8.6,0,86,89,81,123.0,2.9,2026-08-07T09:49:00.000Z,7.3
POINT Z (-114.000258 51.109308 1082.87),3031094,2026-08-07T09:50:00.000Z,6.4,9.1,8.6,8.6,8.7,8.6,0,86,89,81,124.0,2.9,2026-08-07T09:50:00.000Z,7.4
POINT Z (-114.000258 51.109308 1082.87),3031094,2026-08-07T09:51:00.000Z,6.5,9.0,8.5,8.5,8.6,8.6,0,87,89,81,124.0,2.9,2026-08-07T09:51:00.000Z,7.4
POINT Z (-114.000258 51.109308 1082.87),3031094,2026-08-07T09:52:00.000Z,6.4,9.0,8.5,8.5,8.6,8.5,0,87,89,81,124.0,2.9,2026-08-07T09:52:00.000Z,7.4
POINT Z (-114.000258 51.109308 1082.87),3031094,2026-08-07T09:53:00.000Z,6.9,9.0,8.6,8.6,8.7,8.7,0,89,89,81,125.0,2.9,2026-08-07T09:53:00.000Z,7.7
POINT Z (-114.000258 51.109308 1082.87),3031094,2026-08-07T09:54:00.000Z,7.1,9.0,8.6,8.6,8.7,8.7,0,90,90,81,126.0,2.8,2026-08-07T09:54:00.000Z,7.8
POINT Z (-114.000258 51.109308 1082.87),3031094,2026-08-07T09:55:00.000Z,7.1,9.0,8.6,8.6,8.6,8.6,0,90,90,81,127.0,2.8,2026-08-07T09:55:00.000Z,7.8
POINT Z (-114.000258 51.109308 1082.87),3031094,2026-08-07T09:56:00.000Z,6.9,9.0,8.6,8.6,8.6,8.6,0,89,90,81,129.0,2.7,2026-08-07T09:56:00.000Z,7.7
POINT Z (-114.000258 51.109308 1082.87),3031094,2026-08-07T09:57:00.000Z,7.0,9.0,8.7,8.7,8.7,8.7,0,89,90,81,129.0,2.7,2026-08-07T09:57:00.000Z,7.8
POINT Z (-114.000258 51.109308 1082.87),3031094,2026-08-07T09:58:00.000Z,7.2,9.0,8.7,8.7,8.7,8.6,0,90,91,81,129.0,2.7,2026-08-07T09:58:00.000Z,7.9
POINT Z (-114.000258 51.109308 1082.87),3031094,2026-08-07T09:59:00.000Z,6.6,9.0,8.4,8.4,8.4,8.4,0,89,91,81,131.0,2.7,2026-08-07T09:59:00.000Z,7.4
POINT Z (-114.000258 51.109308 1082.87),3031094,2026-08-07T10:00:00.000Z,6.6,8.9,8.3,8.3,8.3,8.3,0,89,91,81,132.0,2.6,2026-08-07T10:00:00.000Z,7.4
POINT Z (-114.000258 51.109308 1082.87),3031094,2026-08-07T10:00:00.000Z,6.6,8.9,8.3,8.3,8.3,8.3,0,89,91,81,132.0,2.6,2026-08-07T10:00:00.000Z,7.4
POINT Z (-114.000258 51.109308 1082.87),3031094,2026-08-07T10:01:00.000Z,6.2,8.9,8.1,8.1,8.2,8.2,0,88,91,81,133.0,2.6,2026-08-07T10:01:00.000Z,7.1
POINT Z (-114.000258 51.109308 1082.87),3031094,2026-08-07T10:02:00.000Z,6.0,8.9,8.1,8.1,8.1,8.1,0,87,91,81,134.0,2.5,2026-08-07T10:02:00.000Z,7.0
POINT Z (-114.000258 51.109308 1082.87),3031094,2026-08-07T10:03:00.000Z,6.1,8.9,8.1,8.1,8.2,8.1,0,87,91,81,135.0,2.4,2026-08-07T10:03:00.000Z,7.0
POINT Z (-114.000258 51.109308 1082.87),3031094,2026-08-07T10:04:00.000Z,6.5,8.9,8.3,8.3,8.3,8.3,0,89,91,81,135.0,2.4,2026-08-07T10:04:00.000Z,7.3
POINT Z (-114.000258 51.109308 1082.87),3031094,2026-08-07T10:05:00.000Z,7.0,8.9,8.4,8.4,8.4,8.4,0,91,91,81,136.0,2.3,2026-08-07T10:05:00.000Z,7.6
POINT Z (-114.000258 51.109308 1082.87),3031094,2026-08-07T10:06:00.000Z,6.8,8.8,8.2,8.2,8.2,8.2,0,91,91,81,137.0,2.3,2026-08-07T10:06:00.000Z,7.4
POINT Z (-114.000258 51.109308 1082.87),3031094,2026-08-07T10:07:00.000Z,6.5,8.8,8.1,8.1,8.1,8.1,0,90,91,82,138.0,2.3,2026-08-07T10:07:00.000Z,7.2
POINT Z (-114.000258 51.109308 1082.87),3031094,2026-08-07T10:08:00.000Z,6.1,8.8,8.0,8.0,8.1,8.0,0,87,91,83,139.0,2.3,2026-08-07T10:08:00.000Z,7.0
POINT Z (-114.000258 51.109308 1082.87),3031094,2026-08-07T10:09:00.000Z,6.8,8.8,8.2,8.2,8.3,8.3,0,91,91,83,139.0,2.3,2026-08-07T10:09:00.000Z,7.4
POINT Z (-114.000258 51.109308 1082.87),3031094,2026-08-07T10:10:00.000Z,7.3,8.8,8.3,8.3,8.4,8.3,0,93,93,83,140.0,2.3,2026-08-07T10:10:00.000Z,7.7
POINT Z (-114.000258 51.109308 1082.87),3031094,2026-08-07T10:11:00.000Z,7.7,8.8,8.4,8.4,8.5,8.5,0,95,95,84,141.0,2.3,2026-08-07T10:11:00.000Z,8.0
POINT Z (-114.000258 51.109308 1082.87),3031094,2026-08-07T10:12:00.000Z,8.0,8.8,8.5,8.5,8.5,8.5,0,97,97,85,142.0,2.3,2026-08-07T10:12:00.000Z,8.2
POINT Z (-114.000258 51.109308 1082.87),3031094,2026-08-07T10:13:00.000Z,8.0,8.8,8.5,8.5,8.5,8.5,0,97,97,85,143.0,2.3,2026-08-07T10:13:00.000Z,8.2
POINT Z (-114.000258 51.109308 1082.87),3031094,2026-08-07T10:14:00.000Z,7.9,8.8,8.4,8.4,8.5,8.4,0,97,97,85,144.0,2.3,2026-08-07T10:14:00.000Z,8.1
POINT Z (-114.000258 51.109308 1082.87),3031094,2026-08-07T10:15:00.000Z,7.8,8.8,8.4,8.4,8.4,8.4,0,96,97,85,145.0,2.3,2026-08-07T10:15:00.000Z,8.0
POINT Z (-114.000258 51.109308 1082.87),3031094,2026-08-07T10:16:00.000Z,7.8,8.7,8.4,8.4,8.4,8.4,0,96,97,86,146.0,2.3,2026-08-07T10:16:00.000Z,8.1
POINT Z (-114.000258 51.109308 1082.87),3031094,2026-08-07T10:17:00.000Z,8.3,8.7,8.7,8.7,8.7,8.7,0,98,98,86,148.0,2.3,2026-08-07T10:17:00.000Z,8.5
POINT Z (-114.000258 51.109308 1082.87),3031094,2026-08-07T10:18:00.000Z,8.3,8.7,8.6,8.6,8.6,8.6,0,98,98,86,149.0,2.3,2026-08-07T10:18:00.000Z,8.4
POINT Z (-114.000258 51.109308 1082.87),3031094,2026-08-07T10:19:00.000Z,7.8,8.7,8.3,8.3,8.3,8.3,0,97,98,86,150.0,2.3,2026-08-07T10:19:00.000Z,8.0
POINT Z (-114.000258 51.109308 1082.87),3031094,2026-08-07T10:20:00.000Z,7.6,8.7,8.2,8.2,8.3,8.2,0,96,98,86,151.0,2.4,2026-08-07T10:20:00.000Z,7.9
POINT Z (-114.000258 51.109308 1082.87),3031094,2026-08-07T10:21:00.000Z,7.3,8.7,7.9,7.9,8.0,8.0,0,96,98,86,152.0,2.4,2026-08-07T10:21:00.000Z,7.6
POINT Z (-114.000258 51.109308 1082.87),3031094,2026-08-07T10:22:00.000Z,7.2,8.7,7.9,7.9,8.0,8.0,0,95,98,86,153.0,2.5,2026-08-07T10:22:00.000Z,7.5
POINT Z (-114.000258 51.109308 1082.87),3031094,2026-08-07T10:23:00.000Z,7.6,8.7,8.1,8.1,8.2,8.2,0,96,98,86,154.0,2.5,2026-08-07T10:23:00.000Z,7.8
POINT Z (-114.000258 51.109308 1082.87),3031094,2026-08-07T10:24:00.000Z,7.7,8.6,8.2,8.2,8.2,8.2,0,97,98,86,154.0,2.5,2026-08-07T10:24:00.000Z,7.9
POINT Z (-114.000258 51.109308 1082.87),3031094,2026-08-07T10:25:00.000Z,7.7,8.6,8.2,8.2,8.2,8.2,0,97,98,86,,2.5,2026-08-07T10:25:00.000Z,7.9
POINT Z (-114.000258 51.109308 1082.87),3031094,2026-08-07T10:26:00.000Z,7.8,8.6,8.2,8.2,8.3,8.3,0,97,98,86,155.0,2.6,2026-08-07T10:26:00.000Z,8.0
POINT Z (-114.000258 51.109308 1082.87),3031094,2026-08-07T10:27:00.000Z,7.7,8.6,8.1,8.1,8.2,8.1,0,97,98,86,156.0,2.6,2026-08-07T10:27:00.000Z,7.9
POINT Z (-114.000258 51.109308 1082.87),3031094,2026-08-07T10:28:00.000Z,7.4,8.6,8.0,8.0,8.1,8.0,0,96,98,86,156.0,2.6,2026-08-07T10:28:00.000Z,7.7
POINT Z (-114.000258 51.109308 1082.87),3031094,2026-08-07T10:29:00.000Z,7.6,8.6,8.1,8.1,8.1,8.1,0,97,98,86,157.0,2.6,2026-08-07T10:29:00.000Z,7.8
POINT Z (-114.000258 51.109308 1082.87),3031094,2026-08-07T10:30:00.000Z,7.5,8.5,8.1,8.1,8.1,8.1,0,96,98,86,157.0,2.7,2026-08-07T10:30:00.000Z,7.8
POINT Z (-114.000258 51.109308 1082.87),3031094,2026-08-07T10:31:00.000Z,7.4,8.5,7.9,7.9,8.0,7.9,0,97,98,86,157.0,2.7,2026-08-07T10:31:00.000Z,7.6
POINT Z (-114.000258 51.109308 1082.87),3031094,2026-08-07T10:32:00.000Z,7.2,8.5,7.8,7.8,7.8,7.8,0,96,98,86,156.0,2.8,2026-08-07T10:32:00.000Z,7.4
POINT Z (-114.000258 51.109308 1082.87),3031094,2026-08-07T10:33:00.000Z,7.6,8.5,7.9,7.9,8.0,8.0,0,98,98,86,156.0,2.9,2026-08-07T10:33:00.000Z,7.7
POINT Z (-114.000258 51.109308 1082.87),3031094,2026-08-07T10:34:00.000Z,7.8,8.5,8.0,8.0,8.0,8.0,0,98,98,86,155.0,3.0,2026-08-07T10:34:00.000Z,7.9
POINT Z (-114.000258 51.109308 1082.87),3031094,2026-08-07T10:35:00.000Z,7.5,8.4,7.9,7.9,7.9,7.9,0,98,98,86,155.0,3.2,2026-08-07T10:35:00.000Z,7.7
POINT Z (-114.000258 51.109308 1082.87),3031094,2026-08-07T10:36:00.000Z,7.2,8.4,7.8,7.8,7.8,7.8,0,96,98,86,155.0,3.2,2026-08-07T10:36:00.000Z,7.5
POINT Z (-114.000258 51.109308 1082.87),3031094,2026-08-07T10:37:00.000Z,7.1,8.4,7.7,7.7,7.8,7.8,0,96,98,86,156.0,3.3,2026-08-07T10:37:00.000Z,7.4
POINT Z (-114.000258 51.109308 1082.87),3031094,2026-08-07T10:38:00.000Z,7.3,8.4,7.8,7.8,7.9,7.9,0,96,98,86,156.0,3.4,2026-08-07T10:38:00.000Z,7.5
POINT Z (-114.000258 51.109308 1082.87),3031094,2026-08-07T10:39:00.000Z,7.4,8.4,7.9,7.9,7.9,7.9,0,97,98,86,156.0,3.6,2026-08-07T10:39:00.000Z,7.6
POINT Z (-114.000258 51.109308 1082.87),3031094,2026-08-07T10:40:00.000Z,7.5,8.3,7.9,7.9,8.0,7.9,0,97,98,86,156.0,3.7,2026-08-07T10:40:00.000Z,7.7
POINT Z (-114.000258 51.109308 1082.87),3031094,2026-08-07T10:41:00.000Z,7.6,8.3,7.9,7.9,7.9,7.9,0,98,98,86,155.0,3.8,2026-08-07T10:41:00.000Z,7.7
POINT Z (-114.000258 51.109308 1082.87),3031094,2026-08-07T10:42:00.000Z,7.3,8.3,7.8,7.8,7.8,7.8,0,97,98,86,155.0,3.9,2026-08-07T10:42:00.000Z,7.5
POINT Z (-114.000258 51.109308 1082.87),3031094,2026-08-07T10:43:00.000Z,7.3,8.3,7.8,7.8,7.8,7.8,0,97,98,86,154.0,4.0,2026-08-07T10:43:00.000Z,7.5
POINT Z (-114.000258 51.109308 1082.87),3031094,2026-08-07T10:44:00.000Z,7.4,8.3,7.8,7.8,7.8,7.8,0,97,98,86,153.0,4.1,2026-08-07T10:44:00.000Z,7.6
POINT Z (-114.000258 51.109308 1082.87),3031094,2026-08-07T10:45:00.000Z,7.4,8.2,7.8,7.8,7.8,7.8,0,98,98,86,153.0,4.3,2026-08-07T10:45:00.000Z,7.6
POINT Z (-114.000258 51.109308 1082.87),3031094,2026-08-07T10:46:00.000Z,7.3,8.2,7.6,7.6,7.7,7.7,0,97,98,86,153.0,4.4,2026-08-07T10:46:00.000Z,7.5
POINT Z (-114.000258 51.109308 1082.87),3031094,2026-08-07T10:47:00.000Z,7.1,8.2,7.5,7.5,7.5,7.5,0,97,98,86,154.0,4.5,2026-08-07T10:47:00.000Z,7.3
POINT Z (-114.000258 51.109308 1082.87),3031094,2026-08-07T10:48:00.000Z,6.8,8.2,7.3,7.3,7.4,7.3,0,96,98,86,,4.5,2026-08-07T10:48:00.000Z,7.0
POINT Z (-114.000258 51.109308 1082.87),3031094,2026-08-07T10:49:00.000Z,6.7,8.1,7.3,7.3,7.3,7.3,0,96,98,86,155.0,4.8,2026-08-07T10:49:00.000Z,7.0
POINT Z (-114.000258 51.109308 1082.87),3031094,2026-08-07T10:50:00.000Z,6.7,8.1,7.2,7.2,7.2,7.2,0,97,98,86,155.0,4.9,2026-08-07T10:50:00.000Z,6.9
POINT Z (-114.000258 51.109308 1082.87),3031094,2026-08-07T10:51:00.000Z,6.9,8.1,7.3,7.3,7.3,7.3,0,98,98,87,156.0,5.1,2026-08-07T10:51:00.000Z,7.1
POINT Z (-114.000258 51.109308 1082.87),3031094,2026-08-07T10:52:00.000Z,7.2,8.1,7.4,7.4,7.4,7.4,0,99,99,87,157.0,5.2,2026-08-07T10:52:00.000Z,7.3
POINT Z (-114.000258 51.109308 1082.87),3031094,2026-08-07T10:53:00.000Z,7.1,8.1,7.3,7.3,7.4,7.3,0,99,99,87,157.0,5.3,2026-08-07T10:53:00.000Z,7.2
POINT Z (-114.000258 51.109308 1082.87),3031094,2026-08-07T10:54:00.000Z,7.4,8.0,7.4,7.4,7.5,7.5,0,99,99,87,157.0,5.5,2026-08-07T10:54:00.000Z,7.4
POINT Z (-114.000258 51.109308 1082.87),3031094,2026-08-07T10:55:00.000Z,7.5,8.0,7.6,7.6,7.6,7.6,0,100,100,87,156.0,5.6,2026-08-07T10:55:00.000Z,7.5
POINT Z (-114.000258 51.109308 1082.87),3031094,2026-08-07T10:56:00.000Z,7.6,8.0,7.7,7.7,7.7,7.7,0,100,100,87,155.0,5.8,2026-08-07T10:56:00.000Z,7.6
POINT Z (-114.000258 51.109308 1082.87),3031094,2026-08-07T10:57:00.000Z,7.7,8.0,7.7,7.7,7.7,7.7,0,100,100,87,155.0,5.8,2026-08-07T10:57:00.000Z,
POINT Z (-114.000258 51.109308 1082.87),3031094,2026-08-07T10:58:00.000Z,7.7,8.0,7.7,7.7,7.8,7.8,0,100,100,87,156.0,5.9,2026-08-07T10:58:00.000Z,7.7
POINT Z (-114.000258 51.109308 1082.87),3031094,2026-08-07T10:59:00.000Z,7.8,8.0,7.8,7.8,7.8,7.8,0,100,100,87,155.0,6.1,2026-08-07T10:59:00.000Z,7.8
POINT Z (-114.000258 51.109308 1082.87),3031094,2026-08-07T11:00:00.000Z,7.6,8.0,7.7,7.7,7.7,7.7,0,100,100,87,154.0,6.2,2026-08-07T11:00:00.000Z,7.6
POINT Z (-114.000258 51.109308 1082.87),3031094,2026-08-07T11:00:00.000Z,7.6,8.0,7.7,7.7,7.7,7.7,0,100,100,87,154.0,6.2,2026-08-07T11:00:00.000Z,7.6
POINT Z (-114.000258 51.109308 1082.87),3031094,2026-08-07T11:01:00.000Z,7.7,7.9,7.8,7.8,7.8,7.8,0,100,100,87,154.0,6.3,2026-08-07T11:01:00.000Z,7.7
POINT Z (-114.000258 51.109308 1082.87),3031094,2026-08-07T11:02:00.000Z,7.8,7.9,7.8,7.8,7.9,7.9,0,100,100,87,154.0,6.4,2026-08-07T11:02:00.000Z,7.8
POINT Z (-114.000258 51.109308 1082.87),3031094,2026-08-07T11:03:00.000Z,7.7,7.9,7.7,7.7,7.8,7.8,0,100,100,87,154.0,6.5,2026-08-07T11:03:00.000Z,7.7
POINT Z (-114.000258 51.109308 1082.87),3031094,2026-08-07T11:04:00.000Z,7.8,7.9,7.8,7.8,7.9,7.9,0,100,100,87,154.0,6.6,2026-08-07T11:04:00.000Z,7.8
POINT Z (-114.000258 51.109308 1082.87),3031094,2026-08-07T11:05:00.000Z,7.9,7.9,7.9,7.9,7.9,7.9,0,100,100,87,154.0,6.7,2026-08-07T11:05:00.000Z,
POINT Z (-114.000258 51.109308 1082.87),3031094,2026-08-07T11:06:00.000Z,8.0,7.9,8.0,8.0,8.0,8.0,0,100,100,87,155.0,6.8,2026-08-07T11:06:00.000Z,8.0
POINT Z (-114.000258 51.109308 1082.87),3031094,2026-08-07T11:07:00.000Z,8.0,7.9,8.0,8.0,8.0,8.0,0,100,100,87,155.0,6.8,2026-08-07T11:07:00.000Z,8.0
POINT Z (-114.000258 51.109308 1082.87),3031094,2026-08-07T11:08:00.000Z,8.1,7.9,8.1,8.1,8.1,8.1,0,100,100,87,155.0,6.9,2026-08-07T11:08:00.000Z,
POINT Z (-114.000258 51.109308 1082.87),3031094,2026-08-07T11:09:00.000Z,8.1,7.9,8.1,8.1,8.1,8.1,0,100,100,91,156.0,7.0,2026-08-07T11:09:00.000Z,8.1
POINT Z (-114.000258 51.109308 1082.87),3031094,2026-08-07T11:10:00.000Z,7.9,7.9,8.0,8.0,8.0,8.0,0,100,100,93,156.0,7.0,2026-08-07T11:10:00.000Z,7.9
POINT Z (-114.000258 51.109308 1082.87),3031094,2026-08-07T11:11:00.000Z,7.8,7.9,7.8,7.8,7.9,7.8,0,100,100,95,156.0,7.1,2026-08-07T11:11:00.000Z,7.8
POINT Z (-114.000258 51.109308 1082.87),3031094,2026-08-07T11:12:00.000Z,7.8,7.9,7.8,7.8,7.8,7.8,0,100,100,95,156.0,7.1,2026-08-07T11:12:00.000Z,
POINT Z (-114.000258 51.109308 1082.87),3031094,2026-08-07T11:13:00.000Z,7.7,7.9,7.8,7.8,7.8,7.8,0,100,100,95,156.0,7.1,2026-08-07T11:13:00.000Z,7.7
POINT Z (-114.000258 51.109308 1082.87),3031094,2026-08-07T11:14:00.000Z,7.6,7.9,7.7,7.7,7.7,7.7,0,100,100,95,156.0,7.2,2026-08-07T11:14:00.000Z,7.6
POINT Z (-114.000258 51.109308 1082.87),3031094,2026-08-07T11:15:00.000Z,7.5,7.9,7.6,7.6,7.6,7.6,0,100,100,95,156.0,7.3,2026-08-07T11:15:00.000Z,7.5
POINT Z (-114.000258 51.109308 1082.87),3031094,2026-08-07T11:16:00.000Z,7.6,7.8,7.6,7.6,7.6,7.6,0,100,100,95,155.0,7.4,2026-08-07T11:16:00.000Z,
POINT Z (-114.000258 51.109308 1082.87),3031094,2026-08-07T11:17:00.000Z,7.6,7.8,7.7,7.7,7.7,7.7,0,100,100,95,155.0,7.5,2026-08-07T11:17:00.000Z,7.6
POINT Z (-114.000258 51.109308 1082.87),3031094,2026-08-07T11:18:00.000Z,7.6,7.8,7.6,7.6,7.7,7.7,0,100,100,95,155.0,7.6,2026-08-07T11:18:00.000Z,7.6
POINT Z (-114.000258 51.109308 1082.87),3031094,2026-08-07T11:19:00.000Z,7.5,7.8,7.6,7.6,7.6,7.6,0,100,100,95,155.0,7.6,2026-08-07T11:19:00.000Z,7.5
POINT Z (-114.000258 51.109308 1082.87),3031094,2026-08-07T11:20:00.000Z,7.5,7.8,7.5,7.5,7.5,7.5,0,100,100,95,155.0,7.7,2026-08-07T11:20:00.000Z,
POINT Z (-114.000258 51.109308 1082.87),3031094,2026-08-07T11:21:00.000Z,7.4,7.8,7.4,7.4,7.5,7.5,0,100,100,95,155.0,7.7,2026-08-07T11:21:00.000Z,7.4
POINT Z (-114.000258 51.109308 1082.87),3031094,2026-08-07T11:22:00.000Z,7.5,7.8,7.5,7.5,7.6,7.5,0,100,100,95,155.0,7.7,2026-08-07T11:22:00.000Z,7.5
POINT Z (-114.000258 51.109308 1082.87),3031094,2026-08-07T11:23:00.000Z,7.5,7.8,7.5,7.5,7.6,7.6,0,100,100,96,155.0,7.8,2026-08-07T11:23:00.000Z,7.5
POINT Z (-114.000258 51.109308 1082.87),3031094,2026-08-07T11:24:00.000Z,7.5,7.7,7.5,7.5,7.5,7.5,0,100,100,96,156.0,7.8,2026-08-07T11:24:00.000Z,
POINT Z (-114.000258 51.109308 1082.87),3031094,2026-08-07T11:25:00.000Z,7.3,7.7,7.4,7.4,7.4,7.4,0,100,100,96,156.0,7.9,2026-08-07T11:25:00.000Z,7.3
POINT Z (-114.000258 51.109308 1082.87),3031094,2026-08-07T11:26:00.000Z,7.2,7.7,7.2,7.2,7.3,7.2,0,100,100,96,156.0,7.9,2026-08-07T11:26:00.000Z,7.2
POINT Z (-114.000258 51.109308 1082.87),3031094,2026-08-07T11:27:00.000Z,7.3,7.7,7.3,7.3,7.4,7.3,0,100,100,96,156.0,7.9,2026-08-07T11:27:00.000Z,
POINT Z (-114.000258 51.109308 1082.87),3031094,2026-08-07T11:28:00.000Z,7.5,7.7,7.5,7.5,7.6,7.6,0,100,100,96,156.0,7.9,2026-08-07T11:28:00.000Z,7.5
POINT Z (-114.000258 51.109308 1082.87),3031094,2026-08-07T11:29:00.000Z,7.7,7.7,7.7,7.7,7.8,7.7,0,100,100,96,156.0,8.0,2026-08-07T11:29:00.000Z,7.7
POINT Z (-114.000258 51.109308 1082.87),3031094,2026-08-07T11:30:00.000Z,7.7,7.7,7.7,7.7,7.7,7.7,0,100,100,96,156.0,8.0,2026-08-07T11:30:00.000Z,7.7
POINT Z (-114.000258 51.109308 1082.87),3031094,2026-08-07T11:31:00.000Z,7.6,7.7,7.6,7.6,7.6,7.6,0,100,100,96,156.0,8.0,2026-08-07T11:31:00.000Z,7.6
POINT Z (-114.000258 51.109308 1082.87),3031094,2026-08-07T11:32:00.000Z,7.5,7.7,7.6,7.6,7.6,7.6,0,100,100,96,156.0,8.0,2026-08-07T11:32:00.000Z,7.5
POINT Z (-114.000258 51.109308 1082.87),3031094,2026-08-07T11:33:00.000Z,7.5,7.7,7.6,7.6,7.6,7.6,0,100,100,96,156.0,8.0,2026-08-07T11:33:00.000Z,7.5
POINT Z (-114.000258 51.109308 1082.87),3031094,2026-08-07T11:34:00.000Z,7.4,7.7,7.4,7.4,7.5,7.4,0,100,100,96,156.0,8.0,2026-08-07T11:34:00.000Z,7.4
POINT Z (-114.000258 51.109308 1082.87),3031094,2026-08-07T11:35:00.000Z,7.3,7.6,7.3,7.3,7.3,7.3,0,100,100,96,157.0,8.0,2026-08-07T11:35:00.000Z,
POINT Z (-114.000258 51.109308 1082.87),3031094,2026-08-07T11:36:00.000Z,7.3,7.6,7.4,7.4,7.4,7.4,0,100,100,96,157.0,8.0,2026-08-07T11:36:00.000Z,7.3
POINT Z (-114.000258 51.109308 1082.87),3031094,2026-08-07T11:37:00.000Z,7.4,7.6,7.5,7.5,7.5,7.5,0,100,100,96,157.0,8.0,2026-08-07T11:37:00.000Z,7.4
POINT Z (-114.000258 51.109308 1082.87),3031094,2026-08-07T11:38:00.000Z,7.7,7.6,7.7,7.7,7.7,7.7,0,100,100,96,157.0,8.0,2026-08-07T11:38:00.000Z,
POINT Z (-114.000258 51.109308 1082.87),3031094,2026-08-07T11:39:00.000Z,7.8,7.6,7.9,7.9,7.9,7.9,0,100,100,96,157.0,8.0,2026-08-07T11:39:00.000Z,7.8
POINT Z (-114.000258 51.109308 1082.87),3031094,2026-08-07T11:40:00.000Z,7.9,7.6,7.9,7.9,7.9,7.9,0,100,100,96,157.0,8.0,2026-08-07T11:40:00.000Z,7.9
POINT Z (-114.000258 51.109308 1082.87),3031094,2026-08-07T11:41:00.000Z,7.9,7.6,7.9,7.9,7.9,8.0,0,100,100,96,158.0,8.0,2026-08-07T11:41:00.000Z,7.9
POINT Z (-114.000258 51.109308 1082.87),3031094,2026-08-07T11:42:00.000Z,7.9,7.6,7.9,7.9,7.9,7.9,0,100,100,96,158.0,8.0,2026-08-07T11:42:00.000Z,
POINT Z (-114.000258 51.109308 1082.87),3031094,2026-08-07T11:43:00.000Z,7.9,7.6,8.0,8.0,8.0,8.0,0,100,100,96,158.0,7.9,2026-08-07T11:43:00.000Z,7.9
POINT Z (-114.000258 51.109308 1082.87),3031094,2026-08-07T11:44:00.000Z,7.9,7.6,7.9,7.9,7.9,7.9,0,100,100,96,159.0,7.9,2026-08-07T11:44:00.000Z,
POINT Z (-114.000258 51.109308 1082.87),3031094,2026-08-07T11:45:00.000Z,7.5,7.6,7.5,7.5,7.5,7.5,0,100,100,96,159.0,7.9,2026-08-07T11:45:00.000Z,7.5
POINT Z (-114.000258 51.109308 1082.87),3031094,2026-08-07T11:46:00.000Z,7.4,7.6,7.4,7.4,7.4,7.4,0,100,100,96,159.0,7.8,2026-08-07T11:46:00.000Z,
POINT Z (-114.000258 51.109308 1082.87),3031094,2026-08-07T11:47:00.000Z,7.3,7.6,7.3,7.3,7.4,7.4,0,100,100,96,159.0,7.8,2026-08-07T11:47:00.000Z,7.3
POINT Z (-114.000258 51.109308 1082.87),3031094,2026-08-07T11:48:00.000Z,7.3,7.6,7.3,7.3,7.4,7.3,0,100,100,96,159.0,7.8,2026-08-07T11:48:00.000Z,7.3
POINT Z (-114.000258 51.109308 1082.87),3031094,2026-08-07T11:49:00.000Z,7.3,7.6,7.4,7.4,7.4,7.4,0,100,100,96,159.0,7.7,2026-08-07T11:49:00.000Z,7.3
POINT Z (-114.000258 51.109308 1082.87),3031094,2026-08-07T11:50:00.000Z,7.4,7.6,7.4,7.4,7.5,7.5,0,100,100,97,160.0,7.6,2026-08-07T11:50:00.000Z,7.4
POINT Z (-114.000258 51.109308 1082.87),3031094,2026-08-07T11:51:00.000Z,7.7,7.6,7.7,7.7,7.7,7.7,0,100,100,98,160.0,7.6,2026-08-07T11:51:00.000Z,
POINT Z (-114.000258 51.109308 1082.87),3031094,2026-08-07T11:52:00.000Z,7.9,7.6,7.9,7.9,7.9,8.0,0,100,100,99,160.0,7.6,2026-08-07T11:52:00.000Z,7.9
POINT Z (-114.000258 51.109308 1082.87),3031094,2026-08-07T11:53:00.000Z,7.9,7.7,7.9,7.9,7.9,7.9,0,100,100,99,160.0,7.5,2026-08-07T11:53:00.000Z,7.9
POINT Z (-114.000258 51.109308 1082.87),3031094,2026-08-07T11:54:00.000Z,7.8,7.7,7.8,7.8,7.8,7.9,0,100,100,99,161.0,7.5,2026-08-07T11:54:00.000Z,7.8
POINT Z (-114.000258 51.109308 1082.87),3031094,2026-08-07T11:55:00.000Z,7.6,7.7,7.6,7.6,7.6,7.6,0,100,100,100,161.0,7.4,2026-08-07T11:55:00.000Z,
POINT Z (-114.000258 51.109308 1082.87),3031094,2026-08-07T11:56:00.000Z,7.6,7.7,7.6,7.6,7.7,7.7,0,100,100,100,161.0,7.3,2026-08-07T11:56:00.000Z,7.6
POINT Z (-114.000258 51.109308 1082.87),3031094,2026-08-07T11:57:00.000Z,7.8,7.7,7.8,7.8,7.9,7.9,0,100,100,100,161.0,7.3,2026-08-07T11:57:00.000Z,7.8
POINT Z (-114.000258 51.109308 1082.87),3031094,2026-08-07T11:58:00.000Z,7.8,7.7,7.8,7.8,7.8,7.8,0,100,100,100,161.0,7.3,2026-08-07T11:58:00.000Z,
POINT Z (-114.000258 51.109308 1082.87),3031094,2026-08-07T11:59:00.000Z,7.6,7.7,7.6,7.6,7.7,7.6,0,100,100,100,161.0,7.3,2026-08-07T11:59:00.000Z,7.6
POINT Z (-114.000258 51.109308 1082.87),3031094,2026-08-07T12:00:00.000Z,7.4,7.7,7.4,7.4,7.5,7.4,0,100,100,100,161.0,7.2,2026-08-07T12:00:00.000Z,7.4
POINT Z (-114.000258 51.109308 1082.87),3031094,2026-08-07T12:00:00.000Z,7.4,7.7,7.4,7.4,7.5,7.4,0,100,100,100,161.0,7.2,2026-08-07T12:00:00.000Z,7.4
POINT Z (-114.000258 51.109308 1082.87),3031094,2026-08-07T12:01:00.000Z,7.3,7.7,7.4,7.4,7.4,7.4,0,100,100,100,161.0,7.2,2026-08-07T12:01:00.000Z,7.3
POINT Z (-114.000258 51.109308 1082.87),3031094,2026-08-07T12:02:00.000Z,7.4,7.6,7.4,7.4,7.5,7.4,0,100,100,100,161.0,7.1,2026-08-07T12:02:00.000Z,7.4
POINT Z (-114.000258 51.109308 1082.87),3031094,2026-08-07T12:03:00.000Z,7.2,7.6,7.2,7.2,7.2,7.2,0,100,100,100,161.0,7.1,2026-08-07T12:03:00.000Z,
POINT Z (-114.000258 51.109308 1082.87),3031094,2026-08-07T12:04:00.000Z,6.9,7.6,6.9,6.9,6.9,6.9,0,100,100,100,161.0,7.1,2026-08-07T12:04:00.000Z,
POINT Z (-114.000258 51.109308 1082.87),3031094,2026-08-07T12:05:00.000Z,6.9,7.6,7.0,7.0,7.0,7.0,0,100,100,100,161.0,7.1,2026-08-07T12:05:00.000Z,6.9
POINT Z (-114.000258 51.109308 1082.87),3031094,2026-08-07T12:06:00.000Z,7.0,7.6,7.0,7.0,7.1,7.0,0,100,100,100,161.0,7.1,2026-08-07T12:06:00.000Z,
POINT Z (-114.000258 51.109308 1082.87),3031094,2026-08-07T12:07:00.000Z,7.2,7.6,7.2,7.2,7.3,7.2,0,100,100,100,162.0,7.1,2026-08-07T12:07:00.000Z,7.2
POINT Z (-114.000258 51.109308 1082.87),3031094,2026-08-07T12:08:00.000Z,7.2,7.6,7.2,7.2,7.3,7.2,0,100,100,100,162.0,7.0,2026-08-07T12:08:00.000Z,
POINT Z (-114.000258 51.109308 1082.87),3031094,2026-08-07T12:09:00.000Z,7.2,7.5,7.2,7.2,7.3,7.3,0,100,100,100,162.0,7.0,2026-08-07T12:09:00.000Z,7.2
POINT Z (-114.000258 51.109308 1082.87),3031094,2026-08-07T12:10:00.000Z,7.3,7.5,7.3,7.3,7.4,7.3,0,100,100,100,162.0,7.0,2026-08-07T12:10:00.000Z,7.3
POINT Z (-114.000258 51.109308 1082.87),3031094,2026-08-07T12:11:00.000Z,7.1,7.5,7.2,7.2,7.2,7.2,0,100,100,100,162.0,7.0,2026-08-07T12:11:00.000Z,7.1
POINT Z (-114.000258 51.109308 1082.87),3031094,2026-08-07T12:12:00.000Z,7.0,7.5,7.0,7.0,7.1,7.1,0,100,100,100,162.0,7.0,2026-08-07T12:12:00.000Z,7.0
POINT Z (-114.000258 51.109308 1082.87),3031094,2026-08-07T12:13:00.000Z,6.9,7.5,6.9,6.9,6.9,6.9,0,100,100,100,162.0,7.0,2026-08-07T12:13:00.000Z,
POINT Z (-114.000258 51.109308 1082.87),3031094,2026-08-07T12:14:00.000Z,6.9,7.5,6.9,6.9,7.0,7.0,0,100,100,100,162.0,7.0,2026-08-07T12:14:00.000Z,6.9
POINT Z (-114.000258 51.109308 1082.87),3031094,2026-08-07T12:15:00.000Z,7.1,7.5,7.1,7.1,7.2,7.1,0,100,100,100,162.0,6.9,2026-08-07T12:15:00.000Z,7.1
POINT Z (-114.000258 51.109308 1082.87),3031094,2026-08-07T12:16:00.000Z,7.2,7.5,7.2,7.2,7.2,7.2,0,100,100,100,162.0,6.9,2026-08-07T12:16:00.000Z,7.2
POINT Z (-114.000258 51.109308 1082.87),3031094,2026-08-07T12:17:00.000Z,7.3,7.5,7.3,7.3,7.3,7.3,0,100,100,100,162.0,6.8,2026-08-07T12:17:00.000Z,
POINT Z (-114.000258 51.109308 1082.87),3031094,2026-08-07T12:18:00.000Z,7.3,7.5,7.3,7.3,7.3,7.3,0,100,100,100,162.0,6.8,2026-08-07T12:18:00.000Z,
POINT Z (-114.000258 51.109308 1082.87),3031094,2026-08-07T12:19:00.000Z,7.4,7.5,7.4,7.4,7.4,7.4,0,100,100,100,162.0,6.8,2026-08-07T12:19:00.000Z,7.4
POINT Z (-114.000258 51.109308 1082.87),3031094,2026-08-07T12:20:00.000Z,7.3,7.5,7.4,7.4,7.4,7.4,0,100,100,100,162.0,6.8,2026-08-07T12:20:00.000Z,7.3
POINT Z (-114.000258 51.109308 1082.87),3031094,2026-08-07T12:21:00.000Z,7.3,7.5,7.4,7.4,7.4,7.4,0,100,100,100,162.0,6.8,2026-08-07T12:21:00.000Z,7.3
POINT Z (-114.000258 51.109308 1082.87),3031094,2026-08-07T12:22:00.000Z,7.3,7.4,7.3,7.3,7.4,7.4,0,100,100,100,162.0,6.8,2026-08-07T12:22:00.000Z,7.3
POINT Z (-114.000258 51.109308 1082.87),3031094,2026-08-07T12:23:00.000Z,7.3,7.4,7.3,7.3,7.3,7.3,0,100,100,100,162.0,6.8,2026-08-07T12:23:00.000Z,7.3
POINT Z (-114.000258 51.109308 1082.87),3031094,2026-08-07T12:24:00.000Z,7.3,7.4,7.3,7.3,7.3,7.3,0,100,100,100,162.0,6.8,2026-08-07T12:24:00.000Z,7.3
POINT Z (-114.000258 51.109308 1082.87),3031094,2026-08-07T12:25:00.000Z,7.3,7.4,7.3,7.3,7.3,7.3,0,100,100,100,163.0,6.8,2026-08-07T12:25:00.000Z,
POINT Z (-114.000258 51.109308 1082.87),3031094,2026-08-07T12:26:00.000Z,7.2,7.4,7.3,7.3,7.3,7.3,0,100,100,100,163.0,6.8,2026-08-07T12:26:00.000Z,7.2
POINT Z (-114.000258 51.109308 1082.87),3031094,2026-08-07T12:27:00.000Z,7.2,7.4,7.2,7.2,7.2,7.2,0,100,100,100,163.0,6.8,2026-08-07T12:27:00.000Z,
POINT Z (-114.000258 51.109308 1082.87),3031094,2026-08-07T12:28:00.000Z,7.0,7.4,7.0,7.0,7.1,7.0,0,100,100,100,163.0,6.8,2026-08-07T12:28:00.000Z,7.0
POINT Z (-114.000258 51.109308 1082.87),3031094,2026-08-07T12:29:00.000Z,6.6,7.4,6.7,6.7,6.7,6.7,0,100,100,100,163.0,6.8,2026-08-07T12:29:00.000Z,6.6
POINT Z (-114.000258 51.109308 1082.87),3031094,2026-08-07T12:30:00.000Z,6.5,7.4,6.5,6.5,6.6,6.6,0,100,100,100,163.0,6.8,2026-08-07T12:30:00.000Z,6.5
POINT Z (-114.000258 51.109308 1082.87),3031094,2026-08-07T12:31:00.000Z,6.5,7.4,6.5,6.5,6.6,6.6,0,100,100,100,163.0,6.8,2026-08-07T12:31:00.000Z,6.5
POINT Z (-114.000258 51.109308 1082.87),3031094,2026-08-07T12:32:00.000Z,6.6,7.4,6.6,6.6,6.7,6.6,0,100,100,100,163.0,6.7,2026-08-07T12:32:00.000Z,6.6
POINT Z (-114.000258 51.109308 1082.87),3031094,2026-08-07T12:33:00.000Z,6.6,7.3,6.6,6.6,6.7,6.7,0,100,100,100,163.0,6.8,2026-08-07T12:33:00.000Z,6.6
POINT Z (-114.000258 51.109308 1082.87),3031094,2026-08-07T12:34:00.000Z,6.6,7.3,6.6,6.6,6.6,6.6,0,100,100,100,163.0,6.8,2026-08-07T12:34:00.000Z,6.6
POINT Z (-114.000258 51.109308 1082.87),3031094,2026-08-07T12:35:00.000Z,6.4,7.3,6.4,6.4,6.5,6.5,0,100,100,100,163.0,6.8,2026-08-07T12:35:00.000Z,6.4
POINT Z (-114.000258 51.109308 1082.87),3031094,2026-08-07T12:36:00.000Z,6.2,7.3,6.3,6.3,6.3,6.3,0,100,100,100,163.0,6.8,2026-08-07T12:36:00.000Z,6.2
POINT Z (-114.000258 51.109308 1082.87),3031094,2026-08-07T12:37:00.000Z,6.1,7.3,6.1,6.1,6.2,6.2,0,100,100,100,163.0,6.8,2026-08-07T12:37:00.000Z,6.1
POINT Z (-114.000258 51.109308 1082.87),3031094,2026-08-07T12:38:00.000Z,6.3,7.3,6.3,6.3,6.3,6.3,0,100,100,100,162.0,6.8,2026-08-07T12:38:00.000Z,
POINT Z (-114.000258 51.109308 1082.87),3031094,2026-08-07T12:39:00.000Z,6.3,7.2,6.4,6.4,6.4,6.4,0,100,100,100,162.0,6.8,2026-08-07T12:39:00.000Z,6.3
POINT Z (-114.000258 51.109308 1082.87),3031094,2026-08-07T12:40:00.000Z,6.3,7.2,6.4,6.4,6.4,6.4,0,100,100,100,162.0,6.8,2026-08-07T12:40:00.000Z,6.3
POINT Z (-114.000258 51.109308 1082.87),3031094,2026-08-07T12:41:00.000Z,6.4,7.2,6.4,6.4,6.5,6.5,0,100,100,100,161.0,6.9,2026-08-07T12:41:00.000Z,6.4
POINT Z (-114.000258 51.109308 1082.87),3031094,2026-08-07T12:42:00.000Z,6.7,7.2,6.7,6.7,6.7,6.7,0,100,100,100,161.0,6.9,2026-08-07T12:42:00.000Z,
POINT Z (-114.000258 51.109308 1082.87),3031094,2026-08-07T12:43:00.000Z,6.9,7.1,6.9,6.9,7.0,7.0,0,100,100,100,161.0,6.9,2026-08-07T12:43:00.000Z,6.9
POINT Z (-114.000258 51.109308 1082.87),3031094,2026-08-07T12:44:00.000Z,7.1,7.1,7.1,7.1,7.1,7.1,0,100,100,100,161.0,7.0,2026-08-07T12:44:00.000Z,
POINT Z (-114.000258 51.109308 1082.87),3031094,2026-08-07T12:45:00.000Z,7.1,7.1,7.1,7.1,7.1,7.1,0,100,100,100,161.0,7.0,2026-08-07T12:45:00.000Z,
POINT Z (-114.000258 51.109308 1082.87),3031094,2026-08-07T12:46:00.000Z,7.0,7.1,7.1,7.1,7.1,7.1,0,100,100,100,161.0,7.0,2026-08-07T12:46:00.000Z,7.0
POINT Z (-114.000258 51.109308 1082.87),3031094,2026-08-07T12:47:00.000Z,7.0,7.1,7.0,7.0,7.1,7.1,0,100,100,100,161.0,7.1,2026-08-07T12:47:00.000Z,7.0
POINT Z (-114.000258 51.109308 1082.87),3031094,2026-08-07T12:48:00.000Z,7.0,7.1,7.0,7.0,7.1,7.0,0,100,100,100,161.0,7.1,2026-08-07T12:48:00.000Z,7.0
POINT Z (-114.000258 51.109308 1082.87),3031094,2026-08-07T12:49:00.000Z,7.1,7.1,7.1,7.1,7.2,7.1,0,100,100,100,162.0,7.1,2026-08-07T12:49:00.000Z,7.1
POINT Z (-114.000258 51.109308 1082.87),3031094,2026-08-07T12:50:00.000Z,7.2,7.1,7.2,7.2,7.2,7.2,0,100,100,100,162.0,7.2,2026-08-07T12:50:00.000Z,
POINT Z (-114.000258 51.109308 1082.87),3031094,2026-08-07T12:51:00.000Z,7.3,7.1,7.3,7.3,7.4,7.3,0,100,100,100,161.0,7.2,2026-08-07T12:51:00.000Z,7.3
POINT Z (-114.000258 51.109308 1082.87),3031094,2026-08-07T12:52:00.000Z,7.4,7.1,7.4,7.4,7.5,7.4,0,100,100,100,161.0,7.3,2026-08-07T12:52:00.000Z,7.4
POINT Z (-114.000258 51.109308 1082.87),3031094,2026-08-07T12:53:00.000Z,7.4,7.1,7.5,7.5,7.5,7.5,0,100,100,100,161.0,7.3,2026-08-07T12:53:00.000Z,7.4
POINT Z (-114.000258 51.109308 1082.87),3031094,2026-08-07T12:54:00.000Z,7.5,7.1,7.5,7.5,7.5,7.5,0,100,100,100,161.0,7.3,2026-08-07T12:54:00.000Z,7.5
POINT Z (-114.000258 51.109308 1082.87),3031094,2026-08-07T12:55:00.000Z,7.6,7.1,7.6,7.6,7.6,7.6,0,100,100,100,160.0,7.3,2026-08-07T12:55:00.000Z,
POINT Z (-114.000258 51.109308 1082.87),3031094,2026-08-07T12:56:00.000Z,7.6,7.1,7.6,7.6,7.6,7.7,0,100,100,100,160.0,7.4,2026-08-07T12:56:00.000Z,7.6
POINT Z (-114.000258 51.109308 1082.87),3031094,2026-08-07T12:57:00.000Z,7.7,7.1,7.7,7.7,7.7,7.7,0,100,100,100,160.0,7.4,2026-08-07T12:57:00.000Z,7.7
POINT Z (-114.000258 51.109308 1082.87),3031094,2026-08-07T12:58:00.000Z,7.7,7.1,7.8,7.8,7.8,7.8,0,100,100,100,160.0,7.5,2026-08-07T12:58:00.000Z,7.7
POINT Z (-114.000258 51.109308 1082.87),3031094,2026-08-07T12:59:00.000Z,7.8,7.1,7.9,7.9,7.9,7.9,0,100,100,100,160.0,7.5,2026-08-07T12:59:00.000Z,7.8
POINT Z (-114.000258 51.109308 1082.87),3031094,2026-08-07T13:00:00.000Z,7.9,7.1,7.9,7.9,7.9,7.9,0,100,100,100,160.0,7.6,2026-08-07T13:00:00.000Z,
POINT Z (-114.000258 51.109308 1082.87),3031094,2026-08-07T13:00:00.000Z,7.9,7.1,7.9,7.9,7.9,7.9,0,100,100,100,160.0,7.6,2026-08-07T13:00:00.000Z,
POINT Z (-114.000258 51.109308 1082.87),3031094,2026-08-07T13:01:00.000Z,7.9,7.1,8.0,8.0,8.0,8.0,0,100,100,100,160.0,7.6,2026-08-07T13:01:00.000Z,7.9
POINT Z (-114.000258 51.109308 1082.87),3031094,2026-08-07T13:02:00.000Z,8.0,7.1,8.0,8.0,8.0,8.1,0,100,100,100,160.0,7.7,2026-08-07T13:02:00.000Z,8.0
POINT Z (-114.000258 51.109308 1082.87),3031094,2026-08-07T13:03:00.000Z,8.1,7.1,8.1,8.1,8.1,8.1,0,100,100,100,160.0,7.7,2026-08-07T13:03:00.000Z,8.1
POINT Z (-114.000258 51.109308 1082.87),3031094,2026-08-07T13:04:00.000Z,8.1,7.1,8.2,8.2,8.1,8.2,0,100,100,100,160.0,7.8,2026-08-07T13:04:00.000Z,8.1
POINT Z (-114.000258 51.109308 1082.87),3031094,2026-08-07T13:05:00.000Z,8.2,7.2,8.3,8.3,8.2,8.3,0,100,100,100,160.0,7.8,2026-08-07T13:05:00.000Z,8.2
POINT Z (-114.000258 51.109308 1082.87),3031094,2026-08-07T13:06:00.000Z,8.4,7.2,8.4,8.4,8.4,8.4,0,100,100,100,160.0,7.9,2026-08-07T13:06:00.000Z,8.4
POINT Z (-114.000258 51.109308 1082.87),3031094,2026-08-07T13:07:00.000Z,8.5,7.2,8.5,8.5,8.5,8.5,0,100,100,100,160.0,7.9,2026-08-07T13:07:00.000Z,8.5
POINT Z (-114.000258 51.109308 1082.87),3031094,2026-08-07T13:08:00.000Z,8.6,7.2,8.6,8.6,8.5,8.6,0,100,100,100,160.0,8.0,2026-08-07T13:08:00.000Z,
POINT Z (-114.000258 51.109308 1082.87),3031094,2026-08-07T13:09:00.000Z,8.6,7.3,8.7,8.7,8.6,8.7,0,100,100,100,160.0,8.0,2026-08-07T13:09:00.000Z,8.6
POINT Z (-114.000258 51.109308 1082.87),3031094,2026-08-07T13:10:00.000Z,8.7,7.3,8.7,8.7,8.7,8.7,0,100,100,100,160.0,8.1,2026-08-07T13:10:00.000Z,8.7
POINT Z (-114.000258 51.109308 1082.87),3031094,2026-08-07T13:11:00.000Z,8.8,7.3,8.8,8.8,8.7,8.8,0,100,100,100,160.0,8.1,2026-08-07T13:11:00.000Z,8.8
POINT Z (-114.000258 51.109308 1082.87),3031094,2026-08-07T13:12:00.000Z,8.8,7.3,8.9,8.9,8.8,8.9,0,99,100,99,160.0,8.2,2026-08-07T13:12:00.000Z,8.8
POINT Z (-114.000258 51.109308 1082.87),3031094,2026-08-07T13:13:00.000Z,8.5,7.3,8.9,8.9,8.9,9.0,0,97,100,97,,8.2,2026-08-07T13:13:00.000Z,8.7
POINT Z (-114.000258 51.109308 1082.87),3031094,2026-08-07T13:14:00.000Z,8.3,7.4,9.0,9.0,8.9,9.0,0,95,100,95,161.0,8.3,2026-08-07T13:14:00.000Z,8.6
POINT Z (-114.000258 51.109308 1082.87),3031094,2026-08-07T13:15:00.000Z,8.1,7.4,9.0,9.0,9.0,9.0,0,94,100,94,161.0,8.3,2026-08-07T13:15:00.000Z,8.5
POINT Z (-114.000258 51.109308 1082.87),3031094,2026-08-07T13:16:00.000Z,8.0,7.5,9.1,9.1,9.0,9.1,0,93,100,93,161.0,8.3,2026-08-07T13:16:00.000Z,8.5
POINT Z (-114.000258 51.109308 1082.87),3031094,2026-08-07T13:17:00.000Z,7.9,7.5,9.1,9.1,9.0,9.1,0,93,100,93,162.0,8.4,2026-08-07T13:17:00.000Z,8.4
POINT Z (-114.000258 51.109308 1082.87),3031094,2026-08-07T13:18:00.000Z,7.9,7.5,9.1,9.1,9.1,9.1,0,92,100,92,162.0,8.4,2026-08-07T13:18:00.000Z,8.4
POINT Z (-114.000258 51.109308 1082.87),3031094,2026-08-07T13:19:00.000Z,7.8,7.6,9.2,9.2,9.1,9.2,0,91,100,91,162.0,8.4,2026-08-07T13:19:00.000Z,8.4
POINT Z (-114.000258 51.109308 1082.87),3031094,2026-08-07T13:20:00.000Z,7.7,7.6,9.3,9.3,9.3,9.3,0,90,100,90,162.0,8.5,2026-08-07T13:20:00.000Z,8.4
POINT Z (-114.000258 51.109308 1082.87),3031094,2026-08-07T13:21:00.000Z,7.6,7.6,9.3,9.3,9.3,9.3,0,89,100,89,163.0,8.5,2026-08-07T13:21:00.000Z,8.4
POINT Z (-114.000258 51.109308 1082.87),3031094,2026-08-07T13:22:00.000Z,7.5,7.7,9.4,9.4,9.4,9.4,0,88,100,88,163.0,8.6,2026-08-07T13:22:00.000Z,8.3
POINT Z (-114.000258 51.109308 1082.87),3031094,2026-08-07T13:23:00.000Z,7.5,7.7,9.4,9.4,9.4,9.4,0,88,100,87,163.0,8.6,2026-08-07T13:23:00.000Z,8.3
POINT Z (-114.000258 51.109308 1082.87),3031094,2026-08-07T13:24:00.000Z,7.6,7.7,9.3,9.3,9.4,9.3,0,89,100,87,164.0,8.6,2026-08-07T13:24:00.000Z,8.4
POINT Z (-114.000258 51.109308 1082.87),3031094,2026-08-07T13:25:00.000Z,7.7,7.8,9.3,9.3,9.4,9.4,0,89,100,87,164.0,8.6,2026-08-07T13:25:00.000Z,8.4
POINT Z (-114.000258 51.109308 1082.87),3031094,2026-08-07T13:26:00.000Z,7.7,7.8,9.4,9.4,9.4,9.4,0,89,100,87,164.0,8.6,2026-08-07T13:26:00.000Z,8.4
POINT Z (-114.000258 51.109308 1082.87),3031094,2026-08-07T13:27:00.000Z,7.7,7.8,9.4,9.4,9.4,9.4,0,89,100,87,164.0,8.6,2026-08-07T13:27:00.000Z,8.5
POINT Z (-114.000258 51.109308 1082.87),3031094,2026-08-07T13:28:00.000Z,7.8,7.9,9.4,9.4,9.4,9.4,0,89,100,87,165.0,8.5,2026-08-07T13:28:00.000Z,8.5
POINT Z (-114.000258 51.109308 1082.87),3031094,2026-08-07T13:29:00.000Z,7.8,7.9,9.4,9.4,9.5,9.4,0,90,100,87,165.0,8.6,2026-08-07T13:29:00.000Z,8.5
POINT Z (-114.000258 51.109308 1082.87),3031094,2026-08-07T13:30:00.000Z,7.9,8.0,9.4,9.4,9.5,9.5,0,90,100,87,165.0,8.6,2026-08-07T13:30:00.000Z,8.6
POINT Z (-114.000258 51.109308 1082.87),3031094,2026-08-07T13:31:00.000Z,7.9,8.0,9.5,9.5,9.5,9.5,0,90,100,87,165.0,8.6,2026-08-07T13:31:00.000Z,8.6
POINT Z (-114.000258 51.109308 1082.87),3031094,2026-08-07T13:32:00.000Z,7.9,8.1,9.5,9.5,9.5,9.5,0,90,100,87,166.0,8.6,2026-08-07T13:32:00.000Z,8.6
POINT Z (-114.000258 51.109308 1082.87),3031094,2026-08-07T13:33:00.000Z,7.8,8.1,9.6,9.6,9.6,9.6,0,89,100,87,166.0,8.6,2026-08-07T13:33:00.000Z,8.6
POINT Z (-114.000258 51.109308 1082.87),3031094,2026-08-07T13:34:00.000Z,7.9,8.2,9.6,9.6,9.6,9.6,0,89,100,87,167.0,8.7,2026-08-07T13:34:00.000Z,8.6
POINT Z (-114.000258 51.109308 1082.87),3031094,2026-08-07T13:35:00.000Z,8.0,8.2,9.6,9.6,9.6,9.6,0,90,100,87,167.0,8.7,2026-08-07T13:35:00.000Z,8.7
POINT Z (-114.000258 51.109308 1082.87),3031094,2026-08-07T13:36:00.000Z,8.0,8.3,9.6,9.6,9.7,9.7,0,90,100,87,167.0,8.7,2026-08-07T13:36:00.000Z,8.7
POINT Z (-114.000258 51.109308 1082.87),3031094,2026-08-07T13:37:00.000Z,8.0,8.3,9.7,9.7,9.7,9.7,0,89,100,87,168.0,8.7,2026-08-07T13:37:00.000Z,8.7
POINT Z (-114.000258 51.109308 1082.87),3031094,2026-08-07T13:38:00.000Z,7.9,8.4,9.7,9.7,9.7,9.8,0,88,100,87,168.0,8.7,2026-08-07T13:38:00.000Z,8.7
POINT Z (-114.000258 51.109308 1082.87),3031094,2026-08-07T13:39:00.000Z,7.9,8.4,9.8,9.8,9.8,9.8,0,88,100,87,168.0,8.7,2026-08-07T13:39:00.000Z,8.7
POINT Z (-114.000258 51.109308 1082.87),3031094,2026-08-07T13:40:00.000Z,7.9,8.5,9.8,9.8,9.8,9.8,0,88,100,87,169.0,8.7,2026-08-07T13:40:00.000Z,8.7
POINT Z (-114.000258 51.109308 1082.87),3031094,2026-08-07T13:41:00.000Z,7.8,8.6,9.8,9.8,9.8,9.8,0,88,100,87,169.0,8.6,2026-08-07T13:41:00.000Z,8.7
POINT Z (-114.000258 51.109308 1082.87),3031094,2026-08-07T13:42:00.000Z,7.8,8.6,9.8,9.8,9.9,9.8,0,87,100,87,169.0,8.6,2026-08-07T13:42:00.000Z,8.7
POINT Z (-114.000258 51.109308 1082.87),3031094,2026-08-07T13:43:00.000Z,7.9,8.7,9.9,9.9,9.9,9.9,0,88,100,87,169.0,8.6,2026-08-07T13:43:00.000Z,8.7
POINT Z (-114.000258 51.109308 1082.87),3031094,2026-08-07T13:44:00.000Z,8.0,8.7,9.9,9.9,9.9,9.9,0,88,100,87,169.0,8.6,2026-08-07T13:44:00.000Z,8.8
POINT Z (-114.000258 51.109308 1082.87),3031094,2026-08-07T13:45:00.000Z,7.9,8.7,9.9,9.9,9.9,9.9,0,88,100,87,170.0,8.6,2026-08-07T13:45:00.000Z,8.8
POINT Z (-114.000258 51.109308 1082.87),3031094,2026-08-07T13:46:00.000Z,7.8,8.8,9.9,9.9,9.9,10.0,0,87,100,87,170.0,8.6,2026-08-07T13:46:00.000Z,8.7
POINT Z (-114.000258 51.109308 1082.87),3031094,2026-08-07T13:47:00.000Z,8.1,8.8,10.0,10.0,10.0,10.0,0,88,100,87,170.0,8.6,2026-08-07T13:47:00.000Z,8.9
POINT Z (-114.000258 51.109308 1082.87),3031094,2026-08-07T13:48:00.000Z,8.1,8.9,10.0,10.0,10.0,10.0,0,88,100,87,170.0,8.6,2026-08-07T13:48:00.000Z,8.9
POINT Z (-114.000258 51.109308 1082.87),3031094,2026-08-07T13:49:00.000Z,8.0,8.9,10.0,10.0,10.0,10.0,0,87,100,87,170.0,8.6,2026-08-07T13:49:00.000Z,8.9
POINT Z (-114.000258 51.109308 1082.87),3031094,2026-08-07T13:50:00.000Z,8.0,9.0,10.1,10.1,10.1,10.1,0,87,100,87,170.0,8.6,2026-08-07T13:50:00.000Z,8.9
POINT Z (-114.000258 51.109308 1082.87),3031094,2026-08-07T13:51:00.000Z,8.1,9.0,10.1,10.1,10.1,10.1,0,87,100,87,170.0,8.5,2026-08-07T13:51:00.000Z,9.0
POINT Z (-114.000258 51.109308 1082.87),3031094,2026-08-07T13:52:00.000Z,8.3,9.1,10.2,10.2,10.2,10.2,0,88,100,87,171.0,8.5,2026-08-07T13:52:00.000Z,9.1
POINT Z (-114.000258 51.109308 1082.87),3031094,2026-08-07T13:53:00.000Z,7.9,9.1,10.2,10.2,10.2,10.2,0,86,100,86,171.0,8.5,2026-08-07T13:53:00.000Z,8.9
POINT Z (-114.000258 51.109308 1082.87),3031094,2026-08-07T13:54:00.000Z,8.0,9.2,10.2,10.2,10.3,10.3,0,86,100,85,171.0,8.5,2026-08-07T13:54:00.000Z,9.0
POINT Z (-114.000258 51.109308 1082.87),3031094,2026-08-07T13:55:00.000Z,8.1,9.2,10.3,10.3,10.3,10.3,0,86,100,85,171.0,8.6,2026-08-07T13:55:00.000Z,9.0
POINT Z (-114.000258 51.109308 1082.87),3031094,2026-08-07T13:56:00.000Z,8.2,9.3,10.4,10.4,10.4,10.4,0,87,100,85,172.0,8.5,2026-08-07T13:56:00.000Z,9.1
POINT Z (-114.000258 51.109308 1082.87),3031094,2026-08-07T13:57:00.000Z,8.1,9.3,10.4,10.4,10.4,10.4,0,86,100,85,172.0,8.5,2026-08-07T13:57:00.000Z,9.1
POINT Z (-114.000258 51.109308 1082.87),3031094,2026-08-07T13:58:00.000Z,8.0,9.4,10.4,10.4,10.4,10.4,0,85,100,85,172.0,8.4,2026-08-07T13:58:00.000Z,9.0
POINT Z (-114.000258 51.109308 1082.87),3031094,2026-08-07T13:59:00.000Z,8.0,9.4,10.5,10.5,10.5,10.5,0,85,100,85,172.0,8.4,2026-08-07T13:59:00.000Z,9.1
POINT Z (-114.000258 51.109308 1082.87),3031094,2026-08-07T14:00:00.000Z,8.0,9.4,10.5,10.5,10.5,10.5,0,84,100,84,173.0,8.3,2026-08-07T14:00:00.000Z,9.1
POINT Z (-114.000258 51.109308 1082.87),3031094,2026-08-07T14:00:00.000Z,8.0,9.4,10.5,10.5,10.5,10.5,0,84,100,84,173.0,8.3,2026-08-07T14:00:00.000Z,9.1
POINT Z (-114.000258 51.109308 1082.87),3031094,2026-08-07T14:01:00.000Z,8.2,9.5,10.6,10.6,10.6,10.6,0,85,100,84,173.0,8.3,2026-08-07T14:01:00.000Z,9.2
POINT Z (-114.000258 51.109308 1082.87),3031094,2026-08-07T14:02:00.000Z,8.2,9.5,10.6,10.6,10.7,10.7,0,85,100,84,174.0,8.3,2026-08-07T14:02:00.000Z,9.3
POINT Z (-114.000258 51.109308 1082.87),3031094,2026-08-07T14:03:00.000Z,8.0,9.6,10.7,10.7,10.7,10.7,0,83,100,83,175.0,8.2,2026-08-07T14:03:00.000Z,9.2
POINT Z (-114.000258 51.109308 1082.87),3031094,2026-08-07T14:04:00.000Z,8.1,9.6,10.8,10.8,10.8,10.8,0,84,100,83,176.0,8.2,2026-08-07T14:04:00.000Z,9.3
POINT Z (-114.000258 51.109308 1082.87),3031094,2026-08-07T14:05:00.000Z,7.9,9.6,10.8,10.8,10.8,10.8,0,82,100,82,,8.1,2026-08-07T14:05:00.000Z,9.2
POINT Z (-114.000258 51.109308 1082.87),3031094,2026-08-07T14:06:00.000Z,8.0,9.7,10.9,10.9,10.9,10.9,0,83,100,82,177.0,8.0,2026-08-07T14:06:00.000Z,9.2
POINT Z (-114.000258 51.109308 1082.87),3031094,2026-08-07T14:07:00.000Z,8.2,9.7,10.9,10.9,10.9,10.9,0,83,100,82,177.0,7.9,2026-08-07T14:07:00.000Z,9.4
POINT Z (-114.000258 51.109308 1082.87),3031094,2026-08-07T14:08:00.000Z,7.9,9.8,11.0,11.0,11.0,11.0,0,82,100,82,177.0,7.9,2026-08-07T14:08:00.000Z,9.2
POINT Z (-114.000258 51.109308 1082.87),3031094,2026-08-07T14:09:00.000Z,8.3,9.8,11.0,11.0,11.1,11.1,0,83,100,82,178.0,7.8,2026-08-07T14:09:00.000Z,9.5
POINT Z (-114.000258 51.109308 1082.87),3031094,2026-08-07T14:10:00.000Z,8.2,9.9,11.1,11.1,11.1,11.1,0,82,100,82,178.0,7.7,2026-08-07T14:10:00.000Z,9.4
POINT Z (-114.000258 51.109308 1082.87),3031094,2026-08-07T14:11:00.000Z,7.9,9.9,11.1,11.1,11.1,11.1,0,81,100,81,178.0,7.7,2026-08-07T14:11:00.000Z,9.3
POINT Z (-114.000258 51.109308 1082.87),3031094,2026-08-07T14:12:00.000Z,7.8,9.9,11.1,11.1,11.1,11.1,0,80,99,80,179.0,7.6,2026-08-07T14:12:00.000Z,9.2
POINT Z (-114.000258 51.109308 1082.87),3031094,2026-08-07T14:13:00.000Z,8.1,10.0,11.2,11.2,11.2,11.2,0,82,97,80,179.0,7.5,2026-08-07T14:13:00.000Z,9.4
POINT Z (-114.000258 51.109308 1082.87),3031094,2026-08-07T14:14:00.000Z,8.2,10.0,11.2,11.2,11.2,11.2,0,82,95,80,180.0,7.5,2026-08-07T14:14:00.000Z,9.5
POINT Z (-114.000258 51.109308 1082.87),3031094,2026-08-07T14:15:00.000Z,8.0,10.0,11.1,11.1,11.1,11.1,0,81,94,80,181.0,7.4,2026-08-07T14:15:00.000Z,9.3
POINT Z (-114.000258 51.109308 1082.87),3031094,2026-08-07T14:16:00.000Z,8.0,10.1,11.1,11.1,11.1,11.1,0,81,93,80,182.0,7.3,2026-08-07T14:16:00.000Z,9.3
POINT Z (-114.000258 51.109308 1082.87),3031094,2026-08-07T14:17:00.000Z,8.1,10.1,11.1,11.1,11.2,11.2,0,81,93,80,183.0,7.3,2026-08-07T14:17:00.000Z,9.4
POINT Z (-114.000258 51.109308 1082.87),3031094,2026-08-07T14:18:00.000Z,8.2,10.1,11.2,11.2,11.2,11.2,0,82,92,80,183.0,7.2,2026-08-07T14:18:00.000Z,9.5
POINT Z (-114.000258 51.109308 1082.87),3031094,2026-08-07T14:19:00.000Z,8.0,10.2,11.2,11.2,11.2,11.2,0,81,91,80,184.0,7.2,2026-08-07T14:19:00.000Z,9.4
POINT Z (-114.000258 51.109308 1082.87),3031094,2026-08-07T14:20:00.000Z,8.1,10.2,11.2,11.2,11.2,11.2,0,81,90,80,185.0,7.1,2026-08-07T14:20:00.000Z,9.4
POINT Z (-114.000258 51.109308 1082.87),3031094,2026-08-07T14:21:00.000Z,8.0,10.2,11.2,11.2,11.2,11.2,0,81,90,80,186.0,7.0,2026-08-07T14:21:00.000Z,9.4
POINT Z (-114.000258 51.109308 1082.87),3031094,2026-08-07T14:22:00.000Z,7.9,10.3,11.1,11.1,11.2,11.2,0,81,90,80,186.0,7.0,2026-08-07T14:22:00.000Z,9.3
POINT Z (-114.000258 51.109308 1082.87),3031094,2026-08-07T14:23:00.000Z,8.0,10.3,11.2,11.2,11.2,11.2,0,81,90,80,187.0,6.9,2026-08-07T14:23:00.000Z,9.4
POINT Z (-114.000258 51.109308 1082.87),3031094,2026-08-07T14:24:00.000Z,8.2,10.3,11.2,11.2,11.3,11.3,0,81,90,80,188.0,6.9,2026-08-07T14:24:00.000Z,9.5
POINT Z (-114.000258 51.109308 1082.87),3031094,2026-08-07T14:25:00.000Z,8.0,10.4,11.2,11.2,11.3,11.3,0,81,90,80,189.0,6.9,2026-08-07T14:25:00.000Z,9.4
POINT Z (-114.000258 51.109308 1082.87),3031094,2026-08-07T14:26:00.000Z,8.0,10.4,11.2,11.2,11.3,11.3,0,81,90,80,190.0,6.9,2026-08-07T14:26:00.000Z,9.4
POINT Z (-114.000258 51.109308 1082.87),3031094,2026-08-07T14:27:00.000Z,8.3,10.4,11.4,11.4,11.4,11.4,0,82,90,80,191.0,6.9,2026-08-07T14:27:00.000Z,9.6
POINT Z (-114.000258 51.109308 1082.87),3031094,2026-08-07T14:28:00.000Z,8.3,10.5,11.4,11.4,11.4,11.4,0,81,90,80,192.0,6.9,2026-08-07T14:28:00.000Z,9.6
POINT Z (-114.000258 51.109308 1082.87),3031094,2026-08-07T14:29:00.000Z,8.2,10.5,11.4,11.4,11.4,11.4,0,81,90,80,193.0,6.8,2026-08-07T14:29:00.000Z,9.6
POINT Z (-114.000258 51.109308 1082.87),3031094,2026-08-07T14:30:00.000Z,8.2,10.5,11.5,11.5,11.5,11.5,0,81,90,80,194.0,6.8,2026-08-07T14:30:00.000Z,9.6
POINT Z (-114.000258 51.109308 1082.87),3031094,2026-08-07T14:31:00.000Z,8.1,10.6,11.5,11.5,11.5,11.5,0,80,90,80,195.0,6.8,2026-08-07T14:31:00.000Z,9.5
POINT Z (-114.000258 51.109308 1082.87),3031094,2026-08-07T14:32:00.000Z,8.1,10.6,11.4,11.4,11.5,11.5,0,80,90,80,196.0,6.8,2026-08-07T14:32:00.000Z,9.5
POINT Z (-114.000258 51.109308 1082.87),3031094,2026-08-07T14:33:00.000Z,8.1,10.6,11.5,11.5,11.5,11.5,0,80,90,80,196.0,6.8,2026-08-07T14:33:00.000Z,9.5
POINT Z (-114.000258 51.109308 1082.87),3031094,2026-08-07T14:34:00.000Z,8.1,10.7,11.5,11.5,11.5,11.5,0,80,90,80,197.0,6.7,2026-08-07T14:34:00.000Z,9.5
POINT Z (-114.000258 51.109308 1082.87),3031094,2026-08-07T14:35:00.000Z,8.1,10.7,11.5,11.5,11.5,11.5,0,79,90,79,198.0,6.7,2026-08-07T14:35:00.000Z,9.5
POINT Z (-114.000258 51.109308 1082.87),3031094,2026-08-07T14:36:00.000Z,8.0,10.7,11.5,11.5,11.5,11.5,0,79,90,79,199.0,6.7,2026-08-07T14:36:00.000Z,9.5
POINT Z (-114.000258 51.109308 1082.87),3031094,2026-08-07T14:37:00.000Z,8.0,10.7,11.5,11.5,11.6,11.6,0,79,89,79,201.0,6.7,2026-08-07T14:37:00.000Z,9.5
POINT Z (-114.000258 51.109308 1082.87),3031094,2026-08-07T14:38:00.000Z,8.3,10.8,11.7,11.7,11.7,11.7,0,80,88,79,202.0,6.7,2026-08-07T14:38:00.000Z,9.7
POINT Z (-114.000258 51.109308 1082.87),3031094,2026-08-07T14:39:00.000Z,8.5,10.8,11.8,11.8,11.8,11.8,0,80,88,79,203.0,6.7,2026-08-07T14:39:00.000Z,9.9
POINT Z (-114.000258 51.109308 1082.87),3031094,2026-08-07T14:40:00.000Z,8.5,10.8,11.9,11.9,11.9,11.9,0,80,88,79,204.0,6.6,2026-08-07T14:40:00.000Z,9.9
POINT Z (-114.000258 51.109308 1082.87),3031094,2026-08-07T14:41:00.000Z,8.4,10.9,11.9,11.9,11.9,12.0,0,79,88,79,204.0,6.6,2026-08-07T14:41:00.000Z,9.9
POINT Z (-114.000258 51.109308 1082.87),3031094,2026-08-07T14:42:00.000Z,8.7,10.9,12.1,12.1,12.1,12.1,0,79,88,79,205.0,6.5,2026-08-07T14:42:00.000Z,10.1
POINT Z (-114.000258 51.109308 1082.87),3031094,2026-08-07T14:43:00.000Z,8.5,11.0,12.1,12.1,12.1,12.1,0,78,88,78,206.0,6.5,2026-08-07T14:43:00.000Z,10.0
POINT Z (-114.000258 51.109308 1082.87),3031094,2026-08-07T14:44:00.000Z,8.3,11.0,12.0,12.0,12.0,12.0,0,78,88,78,207.0,6.4,2026-08-07T14:44:00.000Z,9.9
POINT Z (-114.000258 51.109308 1082.87),3031094,2026-08-07T14:45:00.000Z,8.3,11.0,12.0,12.0,12.1,12.1,0,78,88,78,208.0,6.4,2026-08-07T14:45:00.000Z,9.9
POINT Z (-114.000258 51.109308 1082.87),3031094,2026-08-07T14:46:00.000Z,8.2,11.1,12.0,12.0,12.1,12.1,0,77,88,77,209.0,6.4,2026-08-07T14:46:00.000Z,9.8
POINT Z (-114.000258 51.109308 1082.87),3031094,2026-08-07T14:47:00.000Z,8.2,11.1,12.0,12.0,12.1,12.1,0,77,88,77,210.0,6.3,2026-08-07T14:47:00.000Z,9.8
POINT Z (-114.000258 51.109308 1082.87),3031094,2026-08-07T14:48:00.000Z,8.0,11.1,11.9,11.9,12.0,12.0,0,77,88,77,211.0,6.3,2026-08-07T14:48:00.000Z,9.7
POINT Z (-114.000258 51.109308 1082.87),3031094,2026-08-07T14:49:00.000Z,8.1,11.2,11.9,11.9,12.0,12.0,0,77,88,77,212.0,6.2,2026-08-07T14:49:00.000Z,9.7
POINT Z (-114.000258 51.109308 1082.87),3031094,2026-08-07T14:50:00.000Z,8.0,11.2,11.9,11.9,11.9,11.9,0,77,88,77,213.0,6.2,2026-08-07T14:50:00.000Z,9.7
POINT Z (-114.000258 51.109308 1082.87),3031094,2026-08-07T14:51:00.000Z,8.3,11.2,12.0,12.0,12.1,12.1,0,78,88,77,214.0,6.2,2026-08-07T14:51:00.000Z,9.9
POINT Z (-114.000258 51.109308 1082.87),3031094,2026-08-07T14:52:00.000Z,8.3,11.3,12.1,12.1,12.1,12.1,0,78,88,77,215.0,6.2,2026-08-07T14:52:00.000Z,9.9
POINT Z (-114.000258 51.109308 1082.87),3031094,2026-08-07T14:53:00.000Z,8.2,11.3,12.1,12.1,12.1,12.1,0,77,87,77,216.0,6.2,2026-08-07T14:53:00.000Z,9.8
POINT Z (-114.000258 51.109308 1082.87),3031094,2026-08-07T14:54:00.000Z,8.2,11.3,12.1,12.1,12.1,12.1,0,77,87,77,216.0,6.2,2026-08-07T14:54:00.000Z,9.8
POINT Z (-114.000258 51.109308 1082.87),3031094,2026-08-07T14:55:00.000Z,8.3,11.3,12.1,12.1,12.1,12.1,0,77,87,77,217.0,6.2,2026-08-07T14:55:00.000Z,9.9
POINT Z (-114.000258 51.109308 1082.87),3031094,2026-08-07T14:56:00.000Z,8.4,11.4,12.2,12.2,12.2,12.2,0,77,87,77,218.0,6.2,2026-08-07T14:56:00.000Z,10.0
POINT Z (-114.000258 51.109308 1082.87),3031094,2026-08-07T14:57:00.000Z,8.4,11.4,12.3,12.3,12.3,12.3,0,77,86,77,219.0,6.2,2026-08-07T14:57:00.000Z,10.0
POINT Z (-114.000258 51.109308 1082.87),3031094,2026-08-07T14:58:00.000Z,8.5,11.4,12.4,12.4,12.4,12.4,0,77,85,77,220.0,6.2,2026-08-07T14:58:00.000Z,10.1
POINT Z (-114.000258 51.109308 1082.87),3031094,2026-08-07T14:59:00.000Z,8.6,11.5,12.5,12.5,12.5,12.5,0,77,85,77,221.0,6.1,2026-08-07T14:59:00.000Z,10.2
POINT Z (-114.000258 51.109308 1082.87),3031094,2026-08-07T15:00:00.000Z,8.3,11.5,12.4,12.4,12.4,12.4,0,76,85,76,,6.2,2026-08-07T15:00:00.000Z,10.0
POINT Z (-114.000258 51.109308 1082.87),3031094,2026-08-07T15:00:00.000Z,8.3,11.5,12.4,12.4,12.4,12.4,0,76,85,76,222.0,6.1,2026-08-07T15:00:00.000Z,10.0
POINT Z (-114.000258 51.109308 1082.87),3031094,2026-08-07T15:01:00.000Z,8.3,11.5,12.4,12.4,12.5,12.5,0,76,85,76,223.0,6.1,2026-08-07T15:01:00.000Z,10.0
POINT Z (-114.000258 51.109308 1082.87),3031094,2026-08-07T15:02:00.000Z,8.6,11.6,12.6,12.6,12.6,12.6,0,77,85,76,223.0,6.1,2026-08-07T15:02:00.000Z,10.3
POINT Z (-114.000258 51.109308 1082.87),3031094,2026-08-07T15:03:00.000Z,8.4,11.6,12.5,12.5,12.6,12.6,0,76,84,76,223.0,6.1,2026-08-07T15:03:00.000Z,10.1
POINT Z (-114.000258 51.109308 1082.87),3031094,2026-08-07T15:04:00.000Z,8.3,11.6,12.5,12.5,12.5,12.5,0,75,84,75,224.0,6.1,2026-08-07T15:04:00.000Z,10.1
POINT Z (-114.000258 51.109308 1082.87),3031094,2026-08-07T15:05:00.000Z,8.3,11.7,12.5,12.5,12.5,12.5,0,76,83,75,224.0,6.2,2026-08-07T15:05:00.000Z,10.1
POINT Z (-114.000258 51.109308 1082.87),3031094,2026-08-07T15:06:00.000Z,8.7,11.7,12.7,12.7,12.7,12.8,0,77,83,75,225.0,6.3,2026-08-07T15:06:00.000Z,10.4
POINT Z (-114.000258 51.109308 1082.87),3031094,2026-08-07T15:07:00.000Z,9.1,11.7,13.0,13.0,13.0,13.0,0,77,83,75,,6.2,2026-08-07T15:07:00.000Z,10.7
POINT Z (-114.000258 51.109308 1082.87),3031094,2026-08-07T15:08:00.000Z,8.9,11.8,13.1,13.1,13.1,13.1,0,76,83,75,225.0,6.3,2026-08-07T15:08:00.000Z,10.6
POINT Z (-114.000258 51.109308 1082.87),3031094,2026-08-07T15:09:00.000Z,8.5,11.8,12.9,12.9,13.0,13.0,0,74,83,74,226.0,6.3,2026-08-07T15:09:00.000Z,10.4
POINT Z (-114.000258 51.109308 1082.87),3031094,2026-08-07T15:10:00.000Z,8.3,11.8,12.8,12.8,12.9,12.8,0,74,82,74,227.0,6.3,2026-08-07T15:10:00.000Z,10.2
POINT Z (-114.000258 51.109308 1082.87),3031094,2026-08-07T15:11:00.000Z,8.7,11.9,13.0,13.0,13.0,13.0,0,75,82,74,227.0,6.3,2026-08-07T15:11:00.000Z,10.5
POINT Z (-114.000258 51.109308 1082.87),3031094,2026-08-07T15:12:00.000Z,8.8,11.9,13.1,13.1,13.1,13.1,0,75,82,74,228.0,6.4,2026-08-07T15:12:00.000Z,10.6
POINT Z (-114.000258 51.109308 1082.87),3031094,2026-08-07T15:13:00.000Z,8.5,11.9,13.0,13.0,13.0,13.0,0,74,82,74,228.0,6.4,2026-08-07T15:13:00.000Z,10.4
POINT Z (-114.000258 51.109308 1082.87),3031094,2026-08-07T15:14:00.000Z,8.6,11.9,13.1,13.1,13.1,13.1,0,74,82,74,227.0,6.4,2026-08-07T15:14:00.000Z,10.5
POINT Z (-114.000258 51.109308 1082.87),3031094,2026-08-07T15:15:00.000Z,8.5,12.0,13.1,13.1,13.2,13.2,0,74,82,74,227.0,6.4,2026-08-07T15:15:00.000Z,10.4
POINT Z (-114.000258 51.109308 1082.87),3031094,2026-08-07T15:16:00.000Z,8.5,12.0,13.1,13.1,13.1,13.1,0,73,82,73,227.0,6.4,2026-08-07T15:16:00.000Z,10.4
POINT Z (-114.000258 51.109308 1082.87),3031094,2026-08-07T15:17:00.000Z,8.8,12.0,13.3,13.3,13.3,13.3,0,74,82,73,227.0,6.4,2026-08-07T15:17:00.000Z,10.7
POINT Z (-114.000258 51.109308 1082.87),3031094,2026-08-07T15:18:00.000Z,8.6,12.1,13.2,13.2,13.3,13.2,0,73,82,73,227.0,6.4,2026-08-07T15:18:00.000Z,10.5
POINT Z (-114.000258 51.109308 1082.87),3031094,2026-08-07T15:19:00.000Z,8.6,12.1,13.2,13.2,13.2,13.2,0,73,82,73,226.0,6.4,2026-08-07T15:19:00.000Z,10.5
POINT Z (-114.000258 51.109308 1082.87),3031094,2026-08-07T15:20:00.000Z,8.7,12.2,13.4,13.4,13.4,13.4,0,73,82,73,226.0,6.3,2026-08-07T15:20:00.000Z,10.6
POINT Z (-114.000258 51.109308 1082.87),3031094,2026-08-07T15:21:00.000Z,8.9,12.2,13.5,13.5,13.6,13.6,0,74,82,73,225.0,6.4,2026-08-07T15:21:00.000Z,10.8
POINT Z (-114.000258 51.109308 1082.87),3031094,2026-08-07T15:22:00.000Z,8.6,12.2,13.4,13.4,13.4,13.4,0,73,82,73,225.0,6.4,2026-08-07T15:22:00.000Z,10.6
POINT Z (-114.000258 51.109308 1082.87),3031094,2026-08-07T15:23:00.000Z,8.8,12.3,13.5,13.5,13.5,13.5,0,73,82,73,225.0,6.4,2026-08-07T15:23:00.000Z,10.8
POINT Z (-114.000258 51.109308 1082.87),3031094,2026-08-07T15:24:00.000Z,8.6,12.3,13.4,13.4,13.5,13.5,0,72,82,72,224.0,6.4,2026-08-07T15:24:00.000Z,10.6
POINT Z (-114.000258 51.109308 1082.87),3031094,2026-08-07T15:25:00.000Z,8.9,12.3,13.6,13.6,13.7,13.7,0,73,82,72,223.0,6.4,2026-08-07T15:25:00.000Z,10.9
POINT Z (-114.000258 51.109308 1082.87),3031094,2026-08-07T15:26:00.000Z,9.0,12.4,13.9,13.9,13.9,13.9,0,73,82,72,223.0,6.5,2026-08-07T15:26:00.000Z,11.0
POINT Z (-114.000258 51.109308 1082.87),3031094,2026-08-07T15:27:00.000Z,8.8,12.4,13.8,13.8,13.9,13.9,0,72,82,72,222.0,6.6,2026-08-07T15:27:00.000Z,10.9
POINT Z (-114.000258 51.109308 1082.87),3031094,2026-08-07T15:28:00.000Z,8.6,12.5,13.7,13.7,13.7,13.7,0,71,81,71,221.0,6.6,2026-08-07T15:28:00.000Z,10.7
POINT Z (-114.000258 51.109308 1082.87),3031094,2026-08-07T15:29:00.000Z,8.6,12.5,13.7,13.7,13.7,13.7,0,71,81,71,221.0,6.6,2026-08-07T15:29:00.000Z,10.7
POINT Z (-114.000258 51.109308 1082.87),3031094,2026-08-07T15:30:00.000Z,8.9,12.5,13.8,13.8,13.9,13.9,0,72,81,71,220.0,6.6,2026-08-07T15:30:00.000Z,10.9
POINT Z (-114.000258 51.109308 1082.87),3031094,2026-08-07T15:31:00.000Z,9.1,12.6,14.0,14.0,14.1,14.1,0,72,80,71,219.0,6.6,2026-08-07T15:31:00.000Z,11.1
POINT Z (-114.000258 51.109308 1082.87),3031094,2026-08-07T15:32:00.000Z,9.1,12.6,14.1,14.1,14.1,14.2,0,72,80,71,219.0,6.7,2026-08-07T15:32:00.000Z,11.2
POINT Z (-114.000258 51.109308 1082.87),3031094,2026-08-07T15:33:00.000Z,9.1,12.7,14.2,14.2,14.2,14.2,0,71,80,71,218.0,6.8,2026-08-07T15:33:00.000Z,11.2
POINT Z (-114.000258 51.109308 1082.87),3031094,2026-08-07T15:34:00.000Z,8.7,12.7,14.0,14.0,14.0,14.0,0,70,80,70,217.0,6.8,2026-08-07T15:34:00.000Z,10.9
POINT Z (-114.000258 51.109308 1082.87),3031094,2026-08-07T15:35:00.000Z,9.0,12.8,14.1,14.1,14.1,14.1,0,71,80,70,217.0,6.9,2026-08-07T15:35:00.000Z,11.1
POINT Z (-114.000258 51.109308 1082.87),3031094,2026-08-07T15:36:00.000Z,9.0,12.8,14.2,14.2,14.2,14.2,0,71,80,70,216.0,6.9,2026-08-07T15:36:00.000Z,11.1
POINT Z (-114.000258 51.109308 1082.87),3031094,2026-08-07T15:37:00.000Z,9.2,12.9,14.3,14.3,14.3,14.3,0,71,80,70,215.0,7.0,2026-08-07T15:37:00.000Z,11.3
POINT Z (-114.000258 51.109308 1082.87),3031094,2026-08-07T15:38:00.000Z,9.0,12.9,14.2,14.2,14.3,14.3,0,71,80,70,214.0,7.0,2026-08-07T15:38:00.000Z,11.1
POINT Z (-114.000258 51.109308 1082.87),3031094,2026-08-07T15:39:00.000Z,8.9,12.9,14.2,14.2,14.2,14.2,0,71,80,70,214.0,7.1,2026-08-07T15:39:00.000Z,11.1
POINT Z (-114.000258 51.109308 1082.87),3031094,2026-08-07T15:40:00.000Z,9.1,13.0,14.3,14.3,14.3,14.3,0,71,80,70,213.0,7.2,2026-08-07T15:40:00.000Z,11.2
POINT Z (-114.000258 51.109308 1082.87),3031094,2026-08-07T15:41:00.000Z,9.2,13.0,14.4,14.4,14.4,14.4,0,71,79,70,213.0,7.2,2026-08-07T15:41:00.000Z,11.3
POINT Z (-114.000258 51.109308 1082.87),3031094,2026-08-07T15:42:00.000Z,9.2,13.1,14.4,14.4,14.5,14.5,0,71,79,70,212.0,7.3,2026-08-07T15:42:00.000Z,11.3
POINT Z (-114.000258 51.109308 1082.87),3031094,2026-08-07T15:43:00.000Z,9.3,13.1,14.6,14.6,14.6,14.6,0,70,78,70,212.0,7.3,2026-08-07T15:43:00.000Z,11.4
POINT Z (-114.000258 51.109308 1082.87),3031094,2026-08-07T15:44:00.000Z,9.2,13.1,14.6,14.6,14.7,14.7,0,70,78,70,211.0,7.3,2026-08-07T15:44:00.000Z,11.4
POINT Z (-114.000258 51.109308 1082.87),3031094,2026-08-07T15:45:00.000Z,9.1,13.2,14.6,14.6,14.6,14.6,0,70,78,69,211.0,7.4,2026-08-07T15:45:00.000Z,11.3
POINT Z (-114.000258 51.109308 1082.87),3031094,2026-08-07T15:46:00.000Z,9.1,13.2,14.6,14.6,14.6,14.6,0,70,78,69,210.0,7.5,2026-08-07T15:46:00.000Z,11.3
POINT Z (-114.000258 51.109308 1082.87),3031094,2026-08-07T15:47:00.000Z,9.4,13.3,14.6,14.6,14.7,14.7,0,71,78,69,209.0,7.6,2026-08-07T15:47:00.000Z,11.5
POINT Z (-114.000258 51.109308 1082.87),3031094,2026-08-07T15:48:00.000Z,9.2,13.3,14.6,14.6,14.6,14.6,0,70,78,69,209.0,7.7,2026-08-07T15:48:00.000Z,11.4
POINT Z (-114.000258 51.109308 1082.87),3031094,2026-08-07T15:49:00.000Z,9.3,13.4,14.6,14.6,14.6,14.6,0,71,78,69,208.0,7.7,2026-08-07T15:49:00.000Z,11.4
POINT Z (-114.000258 51.109308 1082.87),3031094,2026-08-07T15:50:00.000Z,9.3,13.4,14.6,14.6,14.6,14.6,0,71,78,69,207.0,7.8,2026-08-07T15:50:00.000Z,11.4
POINT Z (-114.000258 51.109308 1082.87),3031094,2026-08-07T15:51:00.000Z,9.4,13.4,14.7,14.7,14.8,14.8,0,70,78,69,206.0,7.8,2026-08-07T15:51:00.000Z,11.5
POINT Z (-114.000258 51.109308 1082.87),3031094,2026-08-07T15:52:00.000Z,9.2,13.5,14.7,14.7,14.7,14.7,0,70,78,69,206.0,7.9,2026-08-07T15:52:00.000Z,11.4
POINT Z (-114.000258 51.109308 1082.87),3031094,2026-08-07T15:53:00.000Z,9.2,13.5,14.6,14.6,14.6,14.6,0,70,78,69,205.0,7.9,2026-08-07T15:53:00.000Z,11.4
POINT Z (-114.000258 51.109308 1082.87),3031094,2026-08-07T15:54:00.000Z,9.3,13.6,14.7,14.7,14.7,14.7,0,70,78,69,204.0,8.0,2026-08-07T15:54:00.000Z,11.5
POINT Z (-114.000258 51.109308 1082.87),3031094,2026-08-07T15:55:00.000Z,9.6,13.6,14.9,14.9,14.9,14.9,0,71,78,69,203.0,8.0,2026-08-07T15:55:00.000Z,11.7
POINT Z (-114.000258 51.109308 1082.87),3031094,2026-08-07T15:56:00.000Z,9.4,13.7,14.9,14.9,14.9,14.9,0,70,77,69,202.0,8.1,2026-08-07T15:56:00.000Z,11.6
POINT Z (-114.000258 51.109308 1082.87),3031094,2026-08-07T15:57:00.000Z,9.2,13.7,14.8,14.8,14.8,14.8,0,69,77,69,202.0,8.1,2026-08-07T15:57:00.000Z,11.5
POINT Z (-114.000258 51.109308 1082.87),3031094,2026-08-07T15:58:00.000Z,9.2,13.8,14.8,14.8,14.9,14.9,0,69,77,69,201.0,8.2,2026-08-07T15:58:00.000Z,11.5
POINT Z (-114.000258 51.109308 1082.87),3031094,2026-08-07T15:59:00.000Z,9.2,13.8,14.8,14.8,14.9,14.8,0,69,77,69,200.0,8.3,2026-08-07T15:59:00.000Z,11.5
POINT Z (-114.000258 51.109308 1082.87),3031094,2026-08-07T16:00:00.000Z,9.0,13.8,14.6,14.6,14.7,14.7,0,69,77,69,199.0,8.4,2026-08-07T16:00:00.000Z,11.3
POINT Z (-114.000258 51.109308 1082.87),3031094,2026-08-07T16:00:00.000Z,9.0,13.8,14.6,14.6,14.7,14.7,0,69,77,69,199.0,8.4,2026-08-07T16:00:00.000Z,11.3
POINT Z (-114.000258 51.109308 1082.87),3031094,2026-08-07T16:01:00.000Z,9.5,13.9,14.9,14.9,14.9,14.9,0,70,77,69,198.0,8.5,2026-08-07T16:01:00.000Z,11.7
POINT Z (-114.000258 51.109308 1082.87),3031094,2026-08-07T16:02:00.000Z,9.5,13.9,15.0,15.0,15.1,15.1,0,69,77,69,198.0,8.6,2026-08-07T16:02:00.000Z,11.7
POINT Z (-114.000258 51.109308 1082.87),3031094,2026-08-07T16:03:00.000Z,9.3,13.9,15.1,15.1,15.1,15.1,0,68,77,68,,8.5,2026-08-07T16:03:00.000Z,11.6
POINT Z (-114.000258 51.109308 1082.87),3031094,2026-08-07T16:04:00.000Z,9.4,14.0,15.2,15.2,15.2,15.2,0,69,77,68,,8.6,2026-08-07T16:04:00.000Z,11.7
POINT Z (-114.000258 51.109308 1082.87),3031094,2026-08-07T16:05:00.000Z,9.3,14.0,15.1,15.1,15.1,15.1,0,68,77,68,196.0,8.7,2026-08-07T16:05:00.000Z,11.6
POINT Z (-114.000258 51.109308 1082.87),3031094,2026-08-07T16:06:00.000Z,9.4,14.1,15.1,15.1,15.2,15.2,0,68,77,68,195.0,8.7,2026-08-07T16:06:00.000Z,11.7
POINT Z (-114.000258 51.109308 1082.87),3031094,2026-08-07T16:07:00.000Z,9.3,14.1,15.1,15.1,15.2,15.2,0,68,77,68,195.0,8.8,2026-08-07T16:07:00.000Z,11.7
POINT Z (-114.000258 51.109308 1082.87),3031094,2026-08-07T16:08:00.000Z,9.5,14.2,15.3,15.3,15.3,15.3,0,68,76,68,194.0,8.9,2026-08-07T16:08:00.000Z,11.8
POINT Z (-114.000258 51.109308 1082.87),3031094,2026-08-07T16:09:00.000Z,9.3,14.2,15.2,15.2,15.2,15.2,0,68,75,68,193.0,8.9,2026-08-07T16:09:00.000Z,11.7
POINT Z (-114.000258 51.109308 1082.87),3031094,2026-08-07T16:10:00.000Z,9.5,14.2,15.3,15.3,15.4,15.4,0,68,75,68,192.0,9.0,2026-08-07T16:10:00.000Z,11.8
POINT Z (-114.000258 51.109308 1082.87),3031094,2026-08-07T16:11:00.000Z,9.5,14.3,15.4,15.4,15.4,15.4,0,68,75,68,192.0,9.1,2026-08-07T16:11:00.000Z,11.9
POINT Z (-114.000258 51.109308 1082.87),3031094,2026-08-07T16:12:00.000Z,9.5,14.3,15.5,15.5,15.5,15.5,0,67,75,67,191.0,9.1,2026-08-07T16:12:00.000Z,11.9
POINT Z (-114.000258 51.109308 1082.87),3031094,2026-08-07T16:13:00.000Z,9.5,14.4,15.6,15.6,15.6,15.6,0,67,74,67,190.0,9.2,2026-08-07T16:13:00.000Z,11.9
POINT Z (-114.000258 51.109308 1082.87),3031094,2026-08-07T16:14:00.000Z,9.6,14.4,15.6,15.6,15.6,15.7,0,67,74,67,190.0,9.3,2026-08-07T16:14:00.000Z,12.0
POINT Z (-114.000258 51.109308 1082.87),3031094,2026-08-07T16:15:00.000Z,10.0,14.4,16.0,16.0,16.0,16.1,0,67,74,67,190.0,9.4,2026-08-07T16:15:00.000Z,12.4
POINT Z (-114.000258 51.109308 1082.87),3031094,2026-08-07T16:16:00.000Z,9.6,14.5,15.9,15.9,15.9,15.9,0,66,74,66,189.0,9.5,2026-08-07T16:16:00.000Z,12.1
POINT Z (-114.000258 51.109308 1082.87),3031094,2026-08-07T16:17:00.000Z,9.7,14.5,16.0,16.0,16.0,16.1,0,66,74,66,189.0,9.6,2026-08-07T16:17:00.000Z,12.2
POINT Z (-114.000258 51.109308 1082.87),3031094,2026-08-07T16:18:00.000Z,9.3,14.6,15.9,15.9,15.9,15.9,0,65,74,65,188.0,9.6,2026-08-07T16:18:00.000Z,12.0
POINT Z (-114.000258 51.109308 1082.87),3031094,2026-08-07T16:19:00.000Z,9.3,14.6,15.7,15.7,15.8,15.8,0,65,74,65,188.0,9.7,2026-08-07T16:19:00.000Z,11.9
POINT Z (-114.000258 51.109308 1082.87),3031094,2026-08-07T16:20:00.000Z,9.3,14.7,15.7,15.7,15.7,15.7,0,66,74,65,188.0,9.8,2026-08-07T16:20:00.000Z,11.9
POINT Z (-114.000258 51.109308 1082.87),3031094,2026-08-07T16:21:00.000Z,9.4,14.7,15.7,15.7,15.8,15.8,0,66,74,65,187.0,9.9,2026-08-07T16:21:00.000Z,11.9
POINT Z (-114.000258 51.109308 1082.87),3031094,2026-08-07T16:22:00.000Z,9.2,14.7,15.6,15.6,15.7,15.7,0,66,73,65,187.0,10.0,2026-08-07T16:22:00.000Z,11.8
POINT Z (-114.000258 51.109308 1082.87),3031094,2026-08-07T16:23:00.000Z,9.5,14.8,15.8,15.8,15.9,15.9,0,66,73,65,186.0,10.0,2026-08-07T16:23:00.000Z,12.0
POINT Z (-114.000258 51.109308 1082.87),3031094,2026-08-07T16:24:00.000Z,9.6,14.8,15.9,15.9,16.0,16.0,0,66,73,65,186.0,10.1,2026-08-07T16:24:00.000Z,12.1
POINT Z (-114.000258 51.109308 1082.87),3031094,2026-08-07T16:25:00.000Z,9.7,14.9,16.1,16.1,16.1,16.2,0,66,73,65,186.0,10.2,2026-08-07T16:25:00.000Z,12.2
POINT Z (-114.000258 51.109308 1082.87),3031094,2026-08-07T16:26:00.000Z,9.2,14.9,15.9,15.9,15.9,15.9,0,65,73,65,186.0,10.2,2026-08-07T16:26:00.000Z,11.9
POINT Z (-114.000258 51.109308 1082.87),3031094,2026-08-07T16:27:00.000Z,9.4,14.9,15.9,15.9,15.9,15.9,0,66,72,65,186.0,10.2,2026-08-07T16:27:00.000Z,12.0
POINT Z (-114.000258 51.109308 1082.87),3031094,2026-08-07T16:28:00.000Z,9.5,15.0,16.0,16.0,16.0,16.0,0,65,72,65,186.0,10.3,2026-08-07T16:28:00.000Z,12.1
POINT Z (-114.000258 51.109308 1082.87),3031094,2026-08-07T16:29:00.000Z,9.4,15.0,15.9,15.9,16.0,16.0,0,65,72,65,186.0,10.4,2026-08-07T16:29:00.000Z,12.0
POINT Z (-114.000258 51.109308 1082.87),3031094,2026-08-07T16:30:00.000Z,9.2,15.0,15.8,15.8,15.9,15.8,0,65,72,65,186.0,10.5,2026-08-07T16:30:00.000Z,11.9
POINT Z (-114.000258 51.109308 1082.87),3031094,2026-08-07T16:31:00.000Z,9.4,15.1,15.9,15.9,16.0,16.0,0,65,72,65,186.0,10.5,2026-08-07T16:31:00.000Z,12.0
POINT Z (-114.000258 51.109308 1082.87),3031094,2026-08-07T16:32:00.000Z,9.2,15.1,15.8,15.8,15.8,15.8,0,65,72,65,186.0,10.6,2026-08-07T16:32:00.000Z,11.9
POINT Z (-114.000258 51.109308 1082.87),3031094,2026-08-07T16:33:00.000Z,9.4,15.1,15.9,15.9,15.9,15.9,0,65,71,65,186.0,10.6,2026-08-07T16:33:00.000Z,12.0
POINT Z (-114.000258 51.109308 1082.87),3031094,2026-08-07T16:34:00.000Z,9.4,15.2,16.0,16.0,16.0,16.0,0,65,71,65,186.0,10.7,2026-08-07T16:34:00.000Z,12.0
POINT Z (-114.000258 51.109308 1082.87),3031094,2026-08-07T16:35:00.000Z,9.4,15.2,16.0,16.0,16.0,16.0,0,65,71,65,186.0,10.7,2026-08-07T16:35:00.000Z,12.0
POINT Z (-114.000258 51.109308 1082.87),3031094,2026-08-07T16:36:00.000Z,9.9,15.2,16.3,16.3,16.4,16.4,0,66,71,65,186.0,10.8,2026-08-07T16:36:00.000Z,12.4
POINT Z (-114.000258 51.109308 1082.87),3031094,2026-08-07T16:37:00.000Z,9.5,15.3,16.4,16.4,16.4,16.4,0,64,71,64,186.0,10.8,2026-08-07T16:37:00.000Z,12.2
POINT Z (-114.000258 51.109308 1082.87),3031094,2026-08-07T16:38:00.000Z,9.1,15.3,16.1,16.1,16.1,16.1,0,63,71,63,187.0,10.8,2026-08-07T16:38:00.000Z,11.9
POINT Z (-114.000258 51.109308 1082.87),3031094,2026-08-07T16:39:00.000Z,9.1,15.3,16.0,16.0,16.0,16.0,0,64,71,63,187.0,10.8,2026-08-07T16:39:00.000Z,11.9
POINT Z (-114.000258 51.109308 1082.87),3031094,2026-08-07T16:40:00.000Z,9.2,15.3,16.0,16.0,16.0,16.0,0,64,71,63,186.0,10.9,2026-08-07T16:40:00.000Z,11.9
POINT Z (-114.000258 51.109308 1082.87),3031094,2026-08-07T16:41:00.000Z,9.4,15.4,16.1,16.1,16.2,16.2,0,64,71,63,186.0,11.0,2026-08-07T16:41:00.000Z,12.1
POINT Z (-114.000258 51.109308 1082.87),3031094,2026-08-07T16:42:00.000Z,9.1,15.4,16.1,16.1,16.1,16.1,0,63,71,63,186.0,11.1,2026-08-07T16:42:00.000Z,11.9
POINT Z (-114.000258 51.109308 1082.87),3031094,2026-08-07T16:43:00.000Z,9.1,15.4,16.0,16.0,16.1,16.0,0,63,71,63,186.0,11.1,2026-08-07T16:43:00.000Z,11.9
POINT Z (-114.000258 51.109308 1082.87),3031094,2026-08-07T16:44:00.000Z,9.2,15.4,16.1,16.1,16.2,16.2,0,64,71,63,186.0,11.2,2026-08-07T16:44:00.000Z,12.0
POINT Z (-114.000258 51.109308 1082.87),3031094,2026-08-07T16:45:00.000Z,9.2,15.5,16.1,16.1,16.1,16.1,0,64,71,63,186.0,11.2,2026-08-07T16:45:00.000Z,12.0
POINT Z (-114.000258 51.109308 1082.87),3031094,2026-08-07T16:46:00.000Z,9.6,15.5,16.3,16.3,16.3,16.3,0,65,71,63,187.0,11.3,2026-08-07T16:46:00.000Z,12.2
POINT Z (-114.000258 51.109308 1082.87),3031094,2026-08-07T16:47:00.000Z,9.5,15.5,16.3,16.3,16.3,16.3,0,64,71,63,187.0,11.3,2026-08-07T16:47:00.000Z,12.2
POINT Z (-114.000258 51.109308 1082.87),3031094,2026-08-07T16:48:00.000Z,9.4,15.6,16.4,16.4,16.4,16.4,0,64,71,63,187.0,11.2,2026-08-07T16:48:00.000Z,12.2
POINT Z (-114.000258 51.109308 1082.87),3031094,2026-08-07T16:49:00.000Z,9.2,15.6,16.4,16.4,16.4,16.4,0,63,71,63,187.0,11.3,2026-08-07T16:49:00.000Z,12.1
POINT Z (-114.000258 51.109308 1082.87),3031094,2026-08-07T16:50:00.000Z,9.4,15.6,16.5,16.5,16.6,16.6,0,63,71,63,187.0,11.3,2026-08-07T16:50:00.000Z,12.2
POINT Z (-114.000258 51.109308 1082.87),3031094,2026-08-07T16:51:00.000Z,9.5,15.7,16.7,16.7,16.8,16.8,0,62,71,62,187.0,11.4,2026-08-07T16:51:00.000Z,12.4
POINT Z (-114.000258 51.109308 1082.87),3031094,2026-08-07T16:52:00.000Z,9.2,15.7,16.7,16.7,16.7,16.7,0,61,71,61,187.0,11.5,2026-08-07T16:52:00.000Z,12.2
POINT Z (-114.000258 51.109308 1082.87),3031094,2026-08-07T16:53:00.000Z,8.9,15.7,16.5,16.5,16.5,16.5,0,61,71,61,187.0,11.5,2026-08-07T16:53:00.000Z,12.0
POINT Z (-114.000258 51.109308 1082.87),3031094,2026-08-07T16:54:00.000Z,9.0,15.7,16.4,16.4,16.5,16.5,0,61,71,61,188.0,11.6,2026-08-07T16:54:00.000Z,12.0
POINT Z (-114.000258 51.109308 1082.87),3031094,2026-08-07T16:55:00.000Z,9.0,15.8,16.4,16.4,16.5,16.5,0,61,71,61,188.0,11.6,2026-08-07T16:55:00.000Z,12.0
POINT Z (-114.000258 51.109308 1082.87),3031094,2026-08-07T16:56:00.000Z,9.3,15.8,16.6,16.6,16.7,16.7,0,62,70,61,188.0,11.7,2026-08-07T16:56:00.000Z,12.2
POINT Z (-114.000258 51.109308 1082.87),3031094,2026-08-07T16:57:00.000Z,9.4,15.8,16.8,16.8,16.9,16.9,0,62,70,61,188.0,11.8,2026-08-07T16:57:00.000Z,12.4
POINT Z (-114.000258 51.109308 1082.87),3031094,2026-08-07T16:58:00.000Z,9.5,15.9,16.9,16.9,17.0,17.0,0,61,70,61,188.0,11.8,2026-08-07T16:58:00.000Z,12.5
POINT Z (-114.000258 51.109308 1082.87),3031094,2026-08-07T16:59:00.000Z,9.1,15.9,16.7,16.7,16.7,16.7,0,61,70,61,189.0,11.8,2026-08-07T16:59:00.000Z,12.1
POINT Z (-114.000258 51.109308 1082.87),3031094,2026-08-07T17:00:00.000Z,9.5,15.9,16.8,16.8,16.9,16.9,0,62,70,61,189.0,11.8,2026-08-07T17:00:00.000Z,12.4
POINT Z (-114.000258 51.109308 1082.87),3031094,2026-08-07T17:00:00.000Z,9.5,15.9,16.8,16.8,16.9,16.9,0,62,70,61,,11.8,2026-08-07T17:00:00.000Z,12.4
POINT Z (-114.000258 51.109308 1082.87),3031094,2026-08-07T17:01:00.000Z,9.5,16.0,17.0,17.0,17.0,17.0,0,61,70,61,189.0,11.8,2026-08-07T17:01:00.000Z,12.5
POINT Z (-114.000258 51.109308 1082.87),3031094,2026-08-07T17:02:00.000Z,9.6,16.0,17.2,17.2,17.2,17.2,0,61,69,61,189.0,11.9,2026-08-07T17:02:00.000Z,12.6
POINT Z (-114.000258 51.109308 1082.87),3031094,2026-08-07T17:03:00.000Z,9.5,16.0,17.3,17.3,17.3,17.3,0,60,69,60,189.0,12.0,2026-08-07T17:03:00.000Z,12.6
POINT Z (-114.000258 51.109308 1082.87),3031094,2026-08-07T17:04:00.000Z,9.4,16.1,17.3,17.3,17.3,17.3,0,60,69,60,189.0,12.0,2026-08-07T17:04:00.000Z,12.5
POINT Z (-114.000258 51.109308 1082.87),3031094,2026-08-07T17:05:00.000Z,9.5,16.1,17.3,17.3,17.3,17.3,0,60,69,60,189.0,12.1,2026-08-07T17:05:00.000Z,12.6
POINT Z (-114.000258 51.109308 1082.87),3031094,2026-08-07T17:06:00.000Z,9.3,16.2,17.1,17.1,17.1,17.1,0,60,69,60,189.0,12.1,2026-08-07T17:06:00.000Z,12.4
POINT Z (-114.000258 51.109308 1082.87),3031094,2026-08-07T17:07:00.000Z,9.5,16.2,17.3,17.3,17.4,17.4,0,60,69,60,189.0,12.1,2026-08-07T17:07:00.000Z,12.6
POINT Z (-114.000258 51.109308 1082.87),3031094,2026-08-07T17:08:00.000Z,9.2,16.2,17.3,17.3,17.3,17.3,0,59,68,59,189.0,12.1,2026-08-07T17:08:00.000Z,12.4
POINT Z (-114.000258 51.109308 1082.87),3031094,2026-08-07T17:09:00.000Z,9.1,16.3,17.3,17.3,17.3,17.3,0,59,68,59,188.0,12.2,2026-08-07T17:09:00.000Z,12.4
POINT Z (-114.000258 51.109308 1082.87),3031094,2026-08-07T17:10:00.000Z,9.3,16.3,17.4,17.4,17.5,17.5,0,59,68,59,188.0,12.2,2026-08-07T17:10:00.000Z,12.5
POINT Z (-114.000258 51.109308 1082.87),3031094,2026-08-07T17:11:00.000Z,9.3,16.3,17.5,17.5,17.5,17.5,0,59,68,59,187.0,12.3,2026-08-07T17:11:00.000Z,12.5
POINT Z (-114.000258 51.109308 1082.87),3031094,2026-08-07T17:12:00.000Z,8.9,16.4,17.1,17.1,17.2,17.2,0,58,68,58,187.0,12.2,2026-08-07T17:12:00.000Z,12.2
POINT Z (-114.000258 51.109308 1082.87),3031094,2026-08-07T17:13:00.000Z,9.3,16.4,17.3,17.3,17.4,17.4,0,59,68,58,186.0,12.2,2026-08-07T17:13:00.000Z,12.5
POINT Z (-114.000258 51.109308 1082.87),3031094,2026-08-07T17:14:00.000Z,9.3,16.4,17.5,17.5,17.5,17.5,0,59,68,58,186.0,12.2,2026-08-07T17:14:00.000Z,12.6
POINT Z (-114.000258 51.109308 1082.87),3031094,2026-08-07T17:15:00.000Z,9.4,16.4,17.6,17.6,17.7,17.7,0,59,67,58,186.0,12.2,2026-08-07T17:15:00.000Z,12.7
POINT Z (-114.000258 51.109308 1082.87),3031094,2026-08-07T17:16:00.000Z,9.7,16.5,18.0,18.0,18.0,18.0,0,58,66,58,186.0,12.2,2026-08-07T17:16:00.000Z,12.9
POINT Z (-114.000258 51.109308 1082.87),3031094,2026-08-07T17:17:00.000Z,9.2,16.5,17.8,17.8,17.9,17.9,0,57,66,57,186.0,12.3,2026-08-07T17:17:00.000Z,12.6
POINT Z (-114.000258 51.109308 1082.87),3031094,2026-08-07T17:18:00.000Z,9.0,16.5,17.7,17.7,17.7,17.7,0,57,66,57,186.0,12.3,2026-08-07T17:18:00.000Z,12.5
POINT Z (-114.000258 51.109308 1082.87),3031094,2026-08-07T17:19:00.000Z,9.1,16.6,17.6,17.6,17.7,17.7,0,58,66,57,187.0,12.4,2026-08-07T17:19:00.000Z,12.5
POINT Z (-114.000258 51.109308 1082.87),3031094,2026-08-07T17:20:00.000Z,9.5,16.6,18.1,18.1,18.1,18.1,0,57,66,57,186.0,12.4,2026-08-07T17:20:00.000Z,12.9
POINT Z (-114.000258 51.109308 1082.87),3031094,2026-08-07T17:21:00.000Z,9.1,16.6,18.0,18.0,18.0,18.0,0,56,66,56,186.0,12.4,2026-08-07T17:21:00.000Z,12.6
POINT Z (-114.000258 51.109308 1082.87),3031094,2026-08-07T17:22:00.000Z,9.1,16.7,18.0,18.0,18.0,18.0,0,56,66,56,186.0,12.5,2026-08-07T17:22:00.000Z,12.6
POINT Z (-114.000258 51.109308 1082.87),3031094,2026-08-07T17:23:00.000Z,8.8,16.7,17.6,17.6,17.7,17.6,0,56,66,56,186.0,12.5,2026-08-07T17:23:00.000Z,12.3
POINT Z (-114.000258 51.109308 1082.87),3031094,2026-08-07T17:24:00.000Z,8.8,16.7,17.6,17.6,17.7,17.7,0,56,66,56,186.0,12.5,2026-08-07T17:24:00.000Z,12.4
POINT Z (-114.000258 51.109308 1082.87),3031094,2026-08-07T17:25:00.000Z,9.3,16.8,18.0,18.0,18.1,18.1,0,57,66,56,186.0,12.5,2026-08-07T17:25:00.000Z,12.7
POINT Z (-114.000258 51.109308 1082.87),3031094,2026-08-07T17:26:00.000Z,9.0,16.8,17.9,17.9,18.0,18.0,0,56,66,56,186.0,12.5,2026-08-07T17:26:00.000Z,12.6
POINT Z (-114.000258 51.109308 1082.87),3031094,2026-08-07T17:27:00.000Z,9.5,16.8,18.2,18.2,18.3,18.3,0,57,66,56,186.0,12.5,2026-08-07T17:27:00.000Z,12.9
POINT Z (-114.000258 51.109308 1082.87),3031094,2026-08-07T17:28:00.000Z,9.0,16.9,18.1,18.1,18.1,18.1,0,55,66,55,187.0,12.4,2026-08-07T17:28:00.000Z,12.6
POINT Z (-114.000258 51.109308 1082.87),3031094,2026-08-07T17:29:00.000Z,9.3,16.9,18.2,18.2,18.2,18.2,0,56,66,55,186.0,12.3,2026-08-07T17:29:00.000Z,12.8
POINT Z (-114.000258 51.109308 1082.87),3031094,2026-08-07T17:30:00.000Z,9.9,17.0,18.7,18.7,18.7,18.8,0,57,66,55,186.0,12.3,2026-08-07T17:30:00.000Z,13.3
POINT Z (-114.000258 51.109308 1082.87),3031094,2026-08-07T17:31:00.000Z,9.2,17.0,18.4,18.4,18.5,18.5,0,55,66,55,187.0,12.2,2026-08-07T17:31:00.000Z,12.9
POINT Z (-114.000258 51.109308 1082.87),3031094,2026-08-07T17:32:00.000Z,9.4,17.1,18.5,18.5,18.6,18.6,0,55,66,55,187.0,12.1,2026-08-07T17:32:00.000Z,13.0
POINT Z (-114.000258 51.109308 1082.87),3031094,2026-08-07T17:33:00.000Z,8.9,17.1,18.2,18.2,18.2,18.2,0,55,66,55,187.0,12.1,2026-08-07T17:33:00.000Z,12.6
POINT Z (-114.000258 51.109308 1082.87),3031094,2026-08-07T17:34:00.000Z,8.8,17.1,17.9,17.9,18.0,17.9,0,55,66,55,186.0,12.0,2026-08-07T17:34:00.000Z,12.4
POINT Z (-114.000258 51.109308 1082.87),3031094,2026-08-07T17:35:00.000Z,9.3,17.2,18.2,18.2,18.3,18.3,0,56,66,55,186.0,12.0,2026-08-07T17:35:00.000Z,12.8
POINT Z (-114.000258 51.109308 1082.87),3031094,2026-08-07T17:36:00.000Z,9.2,17.2,18.4,18.4,18.5,18.5,0,55,66,55,186.0,11.9,2026-08-07T17:36:00.000Z,12.9
POINT Z (-114.000258 51.109308 1082.87),3031094,2026-08-07T17:37:00.000Z,9.5,17.2,18.8,18.8,18.8,18.9,0,55,65,55,186.0,12.0,2026-08-07T17:37:00.000Z,13.1
POINT Z (-114.000258 51.109308 1082.87),3031094,2026-08-07T17:38:00.000Z,9.4,17.3,19.0,19.0,19.0,19.0,0,54,65,54,185.0,12.0,2026-08-07T17:38:00.000Z,13.2
POINT Z (-114.000258 51.109308 1082.87),3031094,2026-08-07T17:39:00.000Z,8.7,17.3,18.5,18.5,18.5,18.5,0,53,65,53,185.0,12.0,2026-08-07T17:39:00.000Z,12.6
POINT Z (-114.000258 51.109308 1082.87),3031094,2026-08-07T17:40:00.000Z,8.4,17.4,18.1,18.1,18.1,18.1,0,53,65,53,185.0,11.9,2026-08-07T17:40:00.000Z,12.3
POINT Z (-114.000258 51.109308 1082.87),3031094,2026-08-07T17:41:00.000Z,8.9,17.4,18.2,18.2,18.3,18.3,0,54,65,53,185.0,11.8,2026-08-07T17:41:00.000Z,12.6
POINT Z (-114.000258 51.109308 1082.87),3031094,2026-08-07T17:42:00.000Z,8.8,17.4,18.3,18.3,18.3,18.3,0,54,65,53,184.0,11.8,2026-08-07T17:42:00.000Z,12.6
POINT Z (-114.000258 51.109308 1082.87),3031094,2026-08-07T17:43:00.000Z,8.7,17.5,18.1,18.1,18.2,18.2,0,54,65,53,185.0,11.7,2026-08-07T17:43:00.000Z,12.5
POINT Z (-114.000258 51.109308 1082.87),3031094,2026-08-07T17:44:00.000Z,9.4,17.5,18.6,18.6,18.6,18.7,0,55,65,53,184.0,11.7,2026-08-07T17:44:00.000Z,13.0
POINT Z (-114.000258 51.109308 1082.87),3031094,2026-08-07T17:45:00.000Z,9.4,17.6,18.9,18.9,18.9,18.9,0,54,65,53,184.0,11.7,2026-08-07T17:45:00.000Z,13.1
POINT Z (-114.000258 51.109308 1082.87),3031094,2026-08-07T17:46:00.000Z,9.1,17.6,18.9,18.9,18.9,19.0,0,53,65,53,184.0,11.7,2026-08-07T17:46:00.000Z,13.0
POINT Z (-114.000258 51.109308 1082.87),3031094,2026-08-07T17:47:00.000Z,8.6,17.6,18.6,18.6,18.6,18.6,0,52,64,52,184.0,11.7,2026-08-07T17:47:00.000Z,12.6
POINT Z (-114.000258 51.109308 1082.87),3031094,2026-08-07T17:48:00.000Z,8.7,17.7,18.4,18.4,18.4,18.4,0,53,64,52,184.0,11.7,2026-08-07T17:48:00.000Z,12.6
POINT Z (-114.000258 51.109308 1082.87),3031094,2026-08-07T17:49:00.000Z,9.2,17.7,18.7,18.7,18.8,18.8,0,54,63,52,184.0,11.8,2026-08-07T17:49:00.000Z,13.0
POINT Z (-114.000258 51.109308 1082.87),3031094,2026-08-07T17:50:00.000Z,9.0,17.7,18.7,18.7,18.7,18.7,0,53,63,52,184.0,11.7,2026-08-07T17:50:00.000Z,12.9
POINT Z (-114.000258 51.109308 1082.87),3031094,2026-08-07T17:51:00.000Z,8.9,17.8,18.6,18.6,18.7,18.7,0,53,62,52,184.0,11.7,2026-08-07T17:51:00.000Z,12.8
POINT Z (-114.000258 51.109308 1082.87),3031094,2026-08-07T17:52:00.000Z,9.1,17.8,18.8,18.8,18.9,18.9,0,53,62,52,183.0,11.6,2026-08-07T17:52:00.000Z,12.9
POINT Z (-114.000258 51.109308 1082.87),3031094,2026-08-07T17:53:00.000Z,9.1,17.9,18.9,18.9,18.9,19.0,0,53,62,52,183.0,11.6,2026-08-07T17:53:00.000Z,13.0
POINT Z (-114.000258 51.109308 1082.87),3031094,2026-08-07T17:54:00.000Z,8.9,17.9,18.9,18.9,18.9,18.9,0,52,62,52,182.0,11.6,2026-08-07T17:54:00.000Z,12.9
POINT Z (-114.000258 51.109308 1082.87),3031094,2026-08-07T17:55:00.000Z,9.2,17.9,19.1,19.1,19.1,19.2,0,53,62,52,181.0,11.6,2026-08-07T17:55:00.000Z,13.1
POINT Z (-114.000258 51.109308 1082.87),3031094,2026-08-07T17:56:00.000Z,9.5,18.0,19.4,19.4,19.4,19.5,0,53,62,52,181.0,11.5,2026-08-07T17:56:00.000Z,13.4
POINT Z (-114.000258 51.109308 1082.87),3031094,2026-08-07T17:57:00.000Z,9.4,18.0,19.5,19.5,19.5,19.5,0,52,62,52,180.0,11.6,2026-08-07T17:57:00.000Z,13.3
POINT Z (-114.000258 51.109308 1082.87),3031094,2026-08-07T17:58:00.000Z,8.7,18.1,19.1,19.1,19.1,19.1,0,51,62,51,179.0,11.6,2026-08-07T17:58:00.000Z,12.8
POINT Z (-114.000258 51.109308 1082.87),3031094,2026-08-07T17:59:00.000Z,8.9,18.1,19.0,19.0,19.0,19.0,0,52,62,51,178.0,11.7,2026-08-07T17:59:00.000Z,12.9
POINT Z (-114.000258 51.109308 1082.87),3031094,2026-08-07T18:00:00.000Z,8.9,18.1,19.0,19.0,19.0,19.0,0,52,62,51,177.0,11.8,2026-08-07T18:00:00.000Z,12.9
POINT Z (-114.000258 51.109308 1082.87),3031094,2026-08-07T18:00:00.000Z,8.9,18.1,19.0,19.0,19.0,19.0,0,52,62,51,177.0,11.8,2026-08-07T18:00:00.000Z,12.9
POINT Z (-114.000258 51.109308 1082.87),3031094,2026-08-07T18:01:00.000Z,8.7,18.2,18.8,18.8,18.8,18.8,0,52,61,51,176.0,11.8,2026-08-07T18:01:00.000Z,12.7
POINT Z (-114.000258 51.109308 1082.87),3031094,2026-08-07T18:02:00.000Z,8.9,18.2,18.7,18.7,18.8,18.8,0,53,61,51,175.0,11.7,2026-08-07T18:02:00.000Z,12.8
POINT Z (-114.000258 51.109308 1082.87),3031094,2026-08-07T18:03:00.000Z,8.8,18.2,18.7,18.7,18.8,18.8,0,52,60,51,175.0,11.6,2026-08-07T18:03:00.000Z,12.8
POINT Z (-114.000258 51.109308 1082.87),3031094,2026-08-07T18:04:00.000Z,8.9,18.2,18.7,18.7,18.8,18.8,0,53,60,51,175.0,11.7,2026-08-07T18:04:00.000Z,12.8
POINT Z (-114.000258 51.109308 1082.87),3031094,2026-08-07T18:05:00.000Z,9.2,18.3,19.0,19.0,19.0,19.0,0,53,60,51,174.0,11.6,2026-08-07T18:05:00.000Z,13.1
POINT Z (-114.000258 51.109308 1082.87),3031094,2026-08-07T18:06:00.000Z,9.0,18.3,19.0,19.0,19.1,19.1,0,52,60,51,174.0,11.6,2026-08-07T18:06:00.000Z,13.0
POINT Z (-114.000258 51.109308 1082.87),3031094,2026-08-07T18:07:00.000Z,9.1,18.3,18.9,18.9,19.0,19.0,0,53,60,51,174.0,11.6,2026-08-07T18:07:00.000Z,13.0
POINT Z (-114.000258 51.109308 1082.87),3031094,2026-08-07T18:08:00.000Z,8.9,18.4,18.9,18.9,18.9,18.9,0,52,59,51,173.0,11.6,2026-08-07T18:08:00.000Z,12.9
POINT Z (-114.000258 51.109308 1082.87),3031094,2026-08-07T18:09:00.000Z,8.7,18.4,18.6,18.6,18.7,18.7,0,53,59,51,173.0,11.5,2026-08-07T18:09:00.000Z,12.7
POINT Z (-114.000258 51.109308 1082.87),3031094,2026-08-07T18:10:00.000Z,9.3,18.4,19.0,19.0,19.1,19.1,0,53,59,51,173.0,11.6,2026-08-07T18:10:00.000Z,13.1
POINT Z (-114.000258 51.109308 1082.87),3031094,2026-08-07T18:11:00.000Z,9.1,18.4,19.1,19.1,19.1,19.1,0,52,59,51,173.0,11.7,2026-08-07T18:11:00.000Z,13.0
POINT Z (-114.000258 51.109308 1082.87),3031094,2026-08-07T18:12:00.000Z,8.9,18.5,18.9,18.9,19.0,18.9,0,52,59,51,173.0,11.8,2026-08-07T18:12:00.000Z,12.9
POINT Z (-114.000258 51.109308 1082.87),3031094,2026-08-07T18:13:00.000Z,9.3,18.5,19.1,19.1,19.2,19.2,0,53,59,51,173.0,11.9,2026-08-07T18:13:00.000Z,13.2
POINT Z (-114.000258 51.109308 1082.87),3031094,2026-08-07T18:14:00.000Z,9.5,18.5,19.5,19.5,19.6,19.6,0,52,59,51,173.0,11.8,2026-08-07T18:14:00.000Z,13.4
POINT Z (-114.000258 51.109308 1082.87),3031094,2026-08-07T18:15:00.000Z,9.2,18.6,19.5,19.5,19.5,19.5,0,52,59,51,173.0,11.8,2026-08-07T18:15:00.000Z,13.2
POINT Z (-114.000258 51.109308 1082.87),3031094,2026-08-07T18:16:00.000Z,8.6,18.6,19.0,19.0,19.1,19.1,0,51,58,51,173.0,11.8,2026-08-07T18:16:00.000Z,12.8
POINT Z (-114.000258 51.109308 1082.87),3031094,2026-08-07T18:17:00.000Z,8.9,18.6,19.0,19.0,19.1,19.1,0,52,58,51,172.0,11.7,2026-08-07T18:17:00.000Z,12.9
POINT Z (-114.000258 51.109308 1082.87),3031094,2026-08-07T18:18:00.000Z,9.1,18.6,19.2,19.2,19.3,19.3,0,52,58,51,172.0,11.8,2026-08-07T18:18:00.000Z,13.1
POINT Z (-114.000258 51.109308 1082.87),3031094,2026-08-07T18:19:00.000Z,8.8,18.6,19.0,19.0,19.1,19.0,0,51,58,51,171.0,11.7,2026-08-07T18:19:00.000Z,12.9
POINT Z (-114.000258 51.109308 1082.87),3031094,2026-08-07T18:20:00.000Z,8.8,18.7,19.0,19.0,19.0,19.0,0,52,57,51,171.0,11.6,2026-08-07T18:20:00.000Z,12.9
POINT Z (-114.000258 51.109308 1082.87),3031094,2026-08-07T18:21:00.000Z,9.3,18.7,19.4,19.4,19.5,19.5,0,52,57,51,171.0,11.7,2026-08-07T18:21:00.000Z,13.3
POINT Z (-114.000258 51.109308 1082.87),3031094,2026-08-07T18:22:00.000Z,8.9,18.7,19.4,19.4,19.4,19.4,0,51,57,51,171.0,11.7,2026-08-07T18:22:00.000Z,13.1
POINT Z (-114.000258 51.109308 1082.87),3031094,2026-08-07T18:23:00.000Z,8.6,18.7,19.2,19.2,19.2,19.2,0,50,57,50,170.0,11.8,2026-08-07T18:23:00.000Z,12.8
POINT Z (-114.000258 51.109308 1082.87),3031094,2026-08-07T18:24:00.000Z,9.1,18.8,19.4,19.4,19.5,19.5,0,51,57,50,171.0,11.8,2026-08-07T18:24:00.000Z,13.2
POINT Z (-114.000258 51.109308 1082.87),3031094,2026-08-07T18:25:00.000Z,8.9,18.8,19.4,19.4,19.4,19.4,0,51,57,50,171.0,11.8,2026-08-07T18:25:00.000Z,13.1
POINT Z (-114.000258 51.109308 1082.87),3031094,2026-08-07T18:26:00.000Z,9.1,18.8,19.6,19.6,19.6,19.6,0,51,57,50,171.0,11.9,2026-08-07T18:26:00.000Z,13.2
POINT Z (-114.000258 51.109308 1082.87),3031094,2026-08-07T18:27:00.000Z,9.0,18.8,19.7,19.7,19.7,19.7,0,50,57,50,170.0,11.9,2026-08-07T18:27:00.000Z,13.2
POINT Z (-114.000258 51.109308 1082.87),3031094,2026-08-07T18:28:00.000Z,9.1,18.9,19.8,19.8,19.9,19.9,0,50,57,50,169.0,11.9,2026-08-07T18:28:00.000Z,13.3
POINT Z (-114.000258 51.109308 1082.87),3031094,2026-08-07T18:29:00.000Z,8.9,18.9,19.7,19.7,19.7,19.7,0,50,57,50,169.0,12.0,2026-08-07T18:29:00.000Z,13.2
POINT Z (-114.000258 51.109308 1082.87),3031094,2026-08-07T18:30:00.000Z,9.2,18.9,19.9,19.9,19.9,20.0,0,50,57,50,169.0,12.0,2026-08-07T18:30:00.000Z,13.4
POINT Z (-114.000258 51.109308 1082.87),3031094,2026-08-07T18:31:00.000Z,8.9,18.9,19.7,19.7,19.7,19.7,0,50,56,50,168.0,12.0,2026-08-07T18:31:00.000Z,13.2
POINT Z (-114.000258 51.109308 1082.87),3031094,2026-08-07T18:32:00.000Z,8.5,18.9,19.4,19.4,19.4,19.4,0,49,56,49,168.0,12.0,2026-08-07T18:32:00.000Z,12.9
POINT Z (-114.000258 51.109308 1082.87),3031094,2026-08-07T18:33:00.000Z,9.2,19.0,19.9,19.9,19.9,19.9,0,50,56,49,168.0,12.0,2026-08-07T18:33:00.000Z,13.4
POINT Z (-114.000258 51.109308 1082.87),3031094,2026-08-07T18:34:00.000Z,8.9,19.0,19.7,19.7,19.8,19.8,0,50,56,49,168.0,12.1,2026-08-07T18:34:00.000Z,13.2
POINT Z (-114.000258 51.109308 1082.87),3031094,2026-08-07T18:35:00.000Z,9.1,19.0,19.9,19.9,19.9,19.9,0,50,56,49,168.0,12.1,2026-08-07T18:35:00.000Z,13.3
POINT Z (-114.000258 51.109308 1082.87),3031094,2026-08-07T18:36:00.000Z,9.1,19.1,19.9,19.9,20.0,20.0,0,50,55,49,167.0,12.2,2026-08-07T18:36:00.000Z,13.4
POINT Z (-114.000258 51.109308 1082.87),3031094,2026-08-07T18:37:00.000Z,9.0,19.1,19.9,19.9,19.9,20.0,0,49,55,49,167.0,12.2,2026-08-07T18:37:00.000Z,13.3
POINT Z (-114.000258 51.109308 1082.87),3031094,2026-08-07T18:38:00.000Z,9.0,19.1,19.9,19.9,20.0,20.0,0,49,55,49,167.0,12.2,2026-08-07T18:38:00.000Z,13.3
POINT Z (-114.000258 51.109308 1082.87),3031094,2026-08-07T18:39:00.000Z,8.9,19.1,19.8,19.8,19.9,19.9,0,49,55,49,167.0,12.3,2026-08-07T18:39:00.000Z,13.2
POINT Z (-114.000258 51.109308 1082.87),3031094,2026-08-07T18:40:00.000Z,8.8,19.1,19.6,19.6,19.7,19.7,0,49,55,49,166.0,12.5,2026-08-07T18:40:00.000Z,13.1
POINT Z (-114.000258 51.109308 1082.87),3031094,2026-08-07T18:41:00.000Z,9.0,19.2,19.7,19.7,19.7,19.7,0,50,55,49,166.0,12.5,2026-08-07T18:41:00.000Z,13.2
POINT Z (-114.000258 51.109308 1082.87),3031094,2026-08-07T18:42:00.000Z,9.2,19.2,20.0,20.0,20.0,20.0,0,50,55,49,166.0,12.6,2026-08-07T18:42:00.000Z,13.4
POINT Z (-114.000258 51.109308 1082.87),3031094,2026-08-07T18:43:00.000Z,8.8,19.2,19.8,19.8,19.8,19.8,0,49,55,49,165.0,12.7,2026-08-07T18:43:00.000Z,13.1
POINT Z (-114.000258 51.109308 1082.87),3031094,2026-08-07T18:44:00.000Z,9.3,19.2,20.1,20.1,20.2,20.2,0,50,55,49,165.0,12.8,2026-08-07T18:44:00.000Z,13.5
POINT Z (-114.000258 51.109308 1082.87),3031094,2026-08-07T18:45:00.000Z,9.1,19.3,20.1,20.1,20.1,20.1,0,49,54,49,165.0,12.8,2026-08-07T18:45:00.000Z,13.4
POINT Z (-114.000258 51.109308 1082.87),3031094,2026-08-07T18:46:00.000Z,8.6,19.3,19.7,19.7,19.7,19.7,0,49,54,49,165.0,12.7,2026-08-07T18:46:00.000Z,13.0
POINT Z (-114.000258 51.109308 1082.87),3031094,2026-08-07T18:47:00.000Z,8.6,19.3,19.5,19.5,19.5,19.5,0,49,54,49,165.0,12.8,2026-08-07T18:47:00.000Z,12.9
POINT Z (-114.000258 51.109308 1082.87),3031094,2026-08-07T18:48:00.000Z,9.0,19.3,19.7,19.7,19.8,19.8,0,50,54,49,164.0,12.8,2026-08-07T18:48:00.000Z,13.2
POINT Z (-114.000258 51.109308 1082.87),3031094,2026-08-07T18:49:00.000Z,8.8,19.3,19.7,19.7,19.8,19.8,0,49,54,49,164.0,12.8,2026-08-07T18:49:00.000Z,13.1
POINT Z (-114.000258 51.109308 1082.87),3031094,2026-08-07T18:50:00.000Z,8.8,19.4,19.7,19.7,19.8,19.8,0,49,53,49,163.0,12.6,2026-08-07T18:50:00.000Z,13.1
POINT Z (-114.000258 51.109308 1082.87),3031094,2026-08-07T18:51:00.000Z,8.9,19.4,19.8,19.8,19.9,19.9,0,49,53,49,162.0,12.7,2026-08-07T18:51:00.000Z,13.2
POINT Z (-114.000258 51.109308 1082.87),3031094,2026-08-07T18:52:00.000Z,9.1,19.4,20.0,20.0,20.0,20.0,0,49,53,49,162.0,12.6,2026-08-07T18:52:00.000Z,13.4
POINT Z (-114.000258 51.109308 1082.87),3031094,2026-08-07T18:53:00.000Z,9.1,19.4,20.1,20.1,20.1,20.1,0,49,53,49,,12.6,2026-08-07T18:53:00.000Z,13.4
POINT Z (-114.000258 51.109308 1082.87),3031094,2026-08-07T18:54:00.000Z,9.3,19.4,20.1,20.1,20.2,20.2,0,50,53,49,162.0,12.6,2026-08-07T18:54:00.000Z,13.5
POINT Z (-114.000258 51.109308 1082.87),3031094,2026-08-07T18:55:00.000Z,9.3,19.5,20.3,20.3,20.3,20.3,0,49,53,49,162.0,12.6,2026-08-07T18:55:00.000Z,13.6
POINT Z (-114.000258 51.109308 1082.87),3031094,2026-08-07T18:56:00.000Z,9.7,19.5,20.8,20.8,20.8,20.8,0,49,53,49,162.0,12.7,2026-08-07T18:56:00.000Z,14.0
POINT Z (-114.000258 51.109308 1082.87),3031094,2026-08-07T18:57:00.000Z,8.9,19.5,20.3,20.3,20.3,20.3,0,48,53,48,162.0,12.6,2026-08-07T18:57:00.000Z,13.4
POINT Z (-114.000258 51.109308 1082.87),3031094,2026-08-07T18:58:00.000Z,9.5,19.5,20.8,20.8,20.8,20.8,0,48,53,48,162.0,12.7,2026-08-07T18:58:00.000Z,13.9
POINT Z (-114.000258 51.109308 1082.87),3031094,2026-08-07T18:59:00.000Z,9.2,19.5,20.8,20.8,20.8,20.8,0,48,53,48,163.0,12.6,2026-08-07T18:59:00.000Z,13.7
POINT Z (-114.000258 51.109308 1082.87),3031094,2026-08-07T19:00:00.000Z,8.9,19.5,20.4,20.4,20.4,20.4,0,47,53,47,,12.5,2026-08-07T19:00:00.000Z,13.4
POINT Z (-114.000258 51.109308 1082.87),3031094,2026-08-07T19:00:00.000Z,8.9,19.6,20.4,20.4,20.4,20.4,0,47,53,47,163.0,12.5,2026-08-07T19:00:00.000Z,13.4
POINT Z (-114.000258 51.109308 1082.87),3031094,2026-08-07T19:01:00.000Z,9.1,19.6,20.5,20.5,20.5,20.5,0,48,53,47,163.0,12.5,2026-08-07T19:01:00.000Z,13.5
POINT Z (-114.000258 51.109308 1082.87),3031094,2026-08-07T19:02:00.000Z,8.6,19.6,20.2,20.2,20.3,20.3,0,47,53,47,164.0,12.4,2026-08-07T19:02:00.000Z,13.2
POINT Z (-114.000258 51.109308 1082.87),3031094,2026-08-07T19:03:00.000Z,8.7,19.6,20.2,20.2,20.2,20.2,0,47,53,47,164.0,12.5,2026-08-07T19:03:00.000Z,13.2
POINT Z (-114.000258 51.109308 1082.87),3031094,2026-08-07T19:04:00.000Z,8.8,19.7,20.1,20.1,20.2,20.2,0,48,53,47,164.0,12.5,2026-08-07T19:04:00.000Z,13.3
POINT Z (-114.000258 51.109308 1082.87),3031094,2026-08-07T19:05:00.000Z,9.4,19.7,20.5,20.5,20.6,20.6,0,49,53,47,163.0,12.6,2026-08-07T19:05:00.000Z,13.7
POINT Z (-114.000258 51.109308 1082.87),3031094,2026-08-07T19:06:00.000Z,9.1,19.7,20.6,20.6,20.7,20.7,0,48,53,47,163.0,12.7,2026-08-07T19:06:00.000Z,13.6
POINT Z (-114.000258 51.109308 1082.87),3031094,2026-08-07T19:07:00.000Z,8.7,19.7,20.3,20.3,20.4,20.4,0,47,53,47,162.0,12.7,2026-08-07T19:07:00.000Z,13.3
POINT Z (-114.000258 51.109308 1082.87),3031094,2026-08-07T19:08:00.000Z,8.7,19.8,20.2,20.2,20.3,20.2,0,48,53,47,162.0,12.8,2026-08-07T19:08:00.000Z,13.3
POINT Z (-114.000258 51.109308 1082.87),3031094,2026-08-07T19:09:00.000Z,9.1,19.8,20.5,20.5,20.5,20.6,0,48,53,47,162.0,12.8,2026-08-07T19:09:00.000Z,13.5
POINT Z (-114.000258 51.109308 1082.87),3031094,2026-08-07T19:10:00.000Z,9.3,19.8,20.9,20.9,20.9,21.0,0,48,53,47,161.0,12.8,2026-08-07T19:10:00.000Z,13.8
POINT Z (-114.000258 51.109308 1082.87),3031094,2026-08-07T19:11:00.000Z,9.1,19.9,20.8,20.8,20.9,20.9,0,47,53,47,162.0,12.7,2026-08-07T19:11:00.000Z,13.7
POINT Z (-114.000258 51.109308 1082.87),3031094,2026-08-07T19:12:00.000Z,9.1,19.9,20.9,20.9,21.0,21.0,0,47,53,47,162.0,12.6,2026-08-07T19:12:00.000Z,13.7
POINT Z (-114.000258 51.109308 1082.87),3031094,2026-08-07T19:13:00.000Z,9.4,19.9,21.2,21.2,21.2,21.2,0,47,53,47,162.0,12.6,2026-08-07T19:13:00.000Z,13.9
POINT Z (-114.000258 51.109308 1082.87),3031094,2026-08-07T19:14:00.000Z,9.0,20.0,21.0,21.0,21.0,21.0,0,46,52,46,161.0,12.7,2026-08-07T19:14:00.000Z,13.7
POINT Z (-114.000258 51.109308 1082.87),3031094,2026-08-07T19:15:00.000Z,8.7,20.0,20.8,20.8,20.8,20.8,0,46,52,46,161.0,12.7,2026-08-07T19:15:00.000Z,13.5
POINT Z (-114.000258 51.109308 1082.87),3031094,2026-08-07T19:16:00.000Z,8.6,20.0,20.6,20.6,20.7,20.7,0,46,52,46,161.0,12.8,2026-08-07T19:16:00.000Z,13.4
POINT Z (-114.000258 51.109308 1082.87),3031094,2026-08-07T19:17:00.000Z,8.9,20.0,20.7,20.7,20.8,20.8,0,47,52,46,161.0,12.8,2026-08-07T19:17:00.000Z,13.5
POINT Z (-114.000258 51.109308 1082.87),3031094,2026-08-07T19:18:00.000Z,9.2,20.1,21.0,21.0,21.1,21.1,0,47,52,46,161.0,12.7,2026-08-07T19:18:00.000Z,13.8
POINT Z (-114.000258 51.109308 1082.87),3031094,2026-08-07T19:19:00.000Z,9.0,20.1,21.1,21.1,21.1,21.1,0,46,52,46,162.0,12.8,2026-08-07T19:19:00.000Z,13.7
POINT Z (-114.000258 51.109308 1082.87),3031094,2026-08-07T19:20:00.000Z,9.0,20.1,21.1,21.1,21.1,21.1,0,46,52,46,161.0,12.9,2026-08-07T19:20:00.000Z,13.7
POINT Z (-114.000258 51.109308 1082.87),3031094,2026-08-07T19:21:00.000Z,8.5,20.2,20.8,20.8,20.9,20.9,0,45,52,45,161.0,12.9,2026-08-07T19:21:00.000Z,13.4
POINT Z (-114.000258 51.109308 1082.87),3031094,2026-08-07T19:22:00.000Z,8.7,20.2,20.9,20.9,20.9,21.0,0,46,51,45,161.0,12.9,2026-08-07T19:22:00.000Z,13.5
POINT Z (-114.000258 51.109308 1082.87),3031094,2026-08-07T19:23:00.000Z,8.7,20.2,20.9,20.9,21.0,21.0,0,46,51,45,161.0,12.9,2026-08-07T19:23:00.000Z,13.5
POINT Z (-114.000258 51.109308 1082.87),3031094,2026-08-07T19:24:00.000Z,8.3,20.2,20.7,20.7,20.8,20.7,0,45,51,45,161.0,12.9,2026-08-07T19:24:00.000Z,13.3
POINT Z (-114.000258 51.109308 1082.87),3031094,2026-08-07T19:25:00.000Z,8.3,20.2,20.5,20.5,20.6,20.6,0,45,51,45,161.0,12.9,2026-08-07T19:25:00.000Z,13.2
POINT Z (-114.000258 51.109308 1082.87),3031094,2026-08-07T19:26:00.000Z,8.6,20.3,20.6,20.6,20.7,20.7,0,46,51,45,160.0,13.0,2026-08-07T19:26:00.000Z,13.4
POINT Z (-114.000258 51.109308 1082.87),3031094,2026-08-07T19:27:00.000Z,8.3,20.3,20.5,20.5,20.6,20.6,0,45,50,45,160.0,13.0,2026-08-07T19:27:00.000Z,13.2
POINT Z (-114.000258 51.109308 1082.87),3031094,2026-08-07T19:28:00.000Z,8.4,20.3,20.4,20.4,20.5,20.4,0,46,50,45,160.0,13.0,2026-08-07T19:28:00.000Z,13.2
POINT Z (-114.000258 51.109308 1082.87),3031094,2026-08-07T19:29:00.000Z,8.6,20.3,20.5,20.5,20.6,20.6,0,46,50,45,159.0,13.0,2026-08-07T19:29:00.000Z,13.3
POINT Z (-114.000258 51.109308 1082.87),3031094,2026-08-07T19:30:00.000Z,8.7,20.3,20.7,20.7,20.8,20.8,0,46,50,45,159.0,13.1,2026-08-07T19:30:00.000Z,13.4
POINT Z (-114.000258 51.109308 1082.87),3031094,2026-08-07T19:31:00.000Z,9.3,20.3,21.3,21.3,21.4,21.4,0,46,50,45,158.0,13.1,2026-08-07T19:31:00.000Z,14.0
POINT Z (-114.000258 51.109308 1082.87),3031094,2026-08-07T19:32:00.000Z,9.2,20.4,21.4,21.4,21.5,21.5,0,45,50,45,158.0,13.2,2026-08-07T19:32:00.000Z,13.9
POINT Z (-114.000258 51.109308 1082.87),3031094,2026-08-07T19:33:00.000Z,8.9,20.4,21.3,21.3,21.3,21.4,0,45,50,45,158.0,13.1,2026-08-07T19:33:00.000Z,13.8
POINT Z (-114.000258 51.109308 1082.87),3031094,2026-08-07T19:34:00.000Z,9.1,20.4,21.7,21.7,21.7,21.7,0,45,50,45,157.0,13.2,2026-08-07T19:34:00.000Z,14.0
POINT Z (-114.000258 51.109308 1082.87),3031094,2026-08-07T19:35:00.000Z,8.9,20.5,21.7,21.7,21.7,21.7,0,44,50,44,157.0,13.2,2026-08-07T19:35:00.000Z,13.9
POINT Z (-114.000258 51.109308 1082.87),3031094,2026-08-07T19:36:00.000Z,9.1,20.5,21.9,21.9,21.9,21.9,0,44,50,44,157.0,13.3,2026-08-07T19:36:00.000Z,14.0
POINT Z (-114.000258 51.109308 1082.87),3031094,2026-08-07T19:37:00.000Z,8.9,20.5,21.8,21.8,21.8,21.8,0,44,50,44,156.0,13.3,2026-08-07T19:37:00.000Z,13.9
POINT Z (-114.000258 51.109308 1082.87),3031094,2026-08-07T19:38:00.000Z,8.5,20.6,21.6,21.6,21.6,21.6,0,43,50,43,156.0,13.4,2026-08-07T19:38:00.000Z,13.7
POINT Z (-114.000258 51.109308 1082.87),3031094,2026-08-07T19:39:00.000Z,8.3,20.6,21.2,21.2,21.3,21.3,0,43,50,43,156.0,13.4,2026-08-07T19:39:00.000Z,13.4
POINT Z (-114.000258 51.109308 1082.87),3031094,2026-08-07T19:40:00.000Z,8.5,20.6,21.2,21.2,21.3,21.3,0,44,50,43,155.0,13.4,2026-08-07T19:40:00.000Z,13.5
POINT Z (-114.000258 51.109308 1082.87),3031094,2026-08-07T19:41:00.000Z,8.4,20.6,21.1,21.1,21.2,21.1,0,44,50,43,155.0,13.5,2026-08-07T19:41:00.000Z,13.4
POINT Z (-114.000258 51.109308 1082.87),3031094,2026-08-07T19:42:00.000Z,8.4,20.6,21.1,21.1,21.2,21.1,0,44,50,43,154.0,13.5,2026-08-07T19:42:00.000Z,13.4
POINT Z (-114.000258 51.109308 1082.87),3031094,2026-08-07T19:43:00.000Z,8.3,20.7,21.1,21.1,21.2,21.2,0,44,50,43,155.0,13.5,2026-08-07T19:43:00.000Z,13.4
POINT Z (-114.000258 51.109308 1082.87),3031094,2026-08-07T19:44:00.000Z,8.7,20.7,21.4,21.4,21.5,21.5,0,44,50,43,155.0,13.5,2026-08-07T19:44:00.000Z,13.7
POINT Z (-114.000258 51.109308 1082.87),3031094,2026-08-07T19:45:00.000Z,8.3,20.7,21.2,21.2,21.3,21.3,0,43,50,43,154.0,13.5,2026-08-07T19:45:00.000Z,13.4
POINT Z (-114.000258 51.109308 1082.87),3031094,2026-08-07T19:46:00.000Z,8.3,20.7,21.2,21.2,21.2,21.2,0,44,50,43,154.0,13.5,2026-08-07T19:46:00.000Z,13.4
POINT Z (-114.000258 51.109308 1082.87),3031094,2026-08-07T19:47:00.000Z,7.9,20.8,20.8,20.8,20.8,20.8,0,43,50,43,154.0,13.4,2026-08-07T19:47:00.000Z,13.1
POINT Z (-114.000258 51.109308 1082.87),3031094,2026-08-07T19:48:00.000Z,8.6,20.8,21.1,21.1,21.2,21.2,0,45,50,43,153.0,13.4,2026-08-07T19:48:00.000Z,13.5
POINT Z (-114.000258 51.109308 1082.87),3031094,2026-08-07T19:49:00.000Z,8.8,20.8,21.3,21.3,21.4,21.4,0,45,50,43,,13.5,2026-08-07T19:49:00.000Z,13.7
POINT Z (-114.000258 51.109308 1082.87),3031094,2026-08-07T19:50:00.000Z,8.8,20.8,21.3,21.3,21.4,21.4,0,45,50,43,153.0,13.6,2026-08-07T19:50:00.000Z,13.7
POINT Z (-114.000258 51.109308 1082.87),3031094,2026-08-07T19:51:00.000Z,9.0,20.9,21.7,21.7,21.7,21.7,0,44,50,43,,13.7,2026-08-07T19:51:00.000Z,13.9
POINT Z (-114.000258 51.109308 1082.87),3031094,2026-08-07T19:52:00.000Z,8.7,20.9,21.6,21.6,21.6,21.6,0,44,50,43,,13.7,2026-08-07T19:52:00.000Z,13.8
POINT Z (-114.000258 51.109308 1082.87),3031094,2026-08-07T19:53:00.000Z,8.5,20.9,21.4,21.4,21.5,21.5,0,44,50,43,154.0,13.7,2026-08-07T19:53:00.000Z,13.6
POINT Z (-114.000258 51.109308 1082.87),3031094,2026-08-07T19:54:00.000Z,8.4,20.9,21.3,21.3,21.3,21.3,0,44,50,43,154.0,13.7,2026-08-07T19:54:00.000Z,13.5
POINT Z (-114.000258 51.109308 1082.87),3031094,2026-08-07T19:55:00.000Z,9.2,21.0,21.8,21.8,21.8,21.9,0,45,50,43,154.0,13.7,2026-08-07T19:55:00.000Z,14.1
POINT Z (-114.000258 51.109308 1082.87),3031094,2026-08-07T19:56:00.000Z,9.0,21.0,22.0,22.0,22.0,22.0,0,44,49,43,154.0,13.7,2026-08-07T19:56:00.000Z,14.0
POINT Z (-114.000258 51.109308 1082.87),3031094,2026-08-07T19:57:00.000Z,9.0,21.0,22.1,22.1,22.1,22.1,0,43,49,43,155.0,13.7,2026-08-07T19:57:00.000Z,14.1
POINT Z (-114.000258 51.109308 1082.87),3031094,2026-08-07T19:58:00.000Z,9.4,21.0,22.4,22.4,22.5,22.5,0,43,49,43,155.0,13.7,2026-08-07T19:58:00.000Z,14.4
POINT Z (-114.000258 51.109308 1082.87),3031094,2026-08-07T19:59:00.000Z,9.1,21.1,22.4,22.4,22.4,22.4,0,43,49,43,155.0,13.7,2026-08-07T19:59:00.000Z,14.2
POINT Z (-114.000258 51.109308 1082.87),3031094,2026-08-07T20:00:00.000Z,8.9,21.1,22.2,22.2,22.2,22.2,0,43,49,43,154.0,13.8,2026-08-07T20:00:00.000Z,14.1
POINT Z (-114.000258 51.109308 1082.87),3031094,2026-08-07T20:00:00.000Z,8.9,21.1,22.2,22.2,22.2,22.2,0,43,49,43,154.0,13.8,2026-08-07T20:00:00.000Z,14.1
POINT Z (-114.000258 51.109308 1082.87),3031094,2026-08-07T20:01:00.000Z,8.5,21.1,21.8,21.8,21.9,21.8,0,42,49,42,153.0,13.8,2026-08-07T20:01:00.000Z,13.7
POINT Z (-114.000258 51.109308 1082.87),3031094,2026-08-07T20:02:00.000Z,8.4,21.1,21.6,21.6,21.6,21.6,0,43,49,42,153.0,13.9,2026-08-07T20:02:00.000Z,13.6
POINT Z (-114.000258 51.109308 1082.87),3031094,2026-08-07T20:03:00.000Z,8.7,21.2,21.7,21.7,21.8,21.8,0,43,49,42,154.0,14.0,2026-08-07T20:03:00.000Z,13.8
POINT Z (-114.000258 51.109308 1082.87),3031094,2026-08-07T20:04:00.000Z,8.8,21.2,21.9,21.9,22.0,22.0,0,43,49,42,154.0,14.1,2026-08-07T20:04:00.000Z,13.9
POINT Z (-114.000258 51.109308 1082.87),3031094,2026-08-07T20:05:00.000Z,8.5,21.2,21.7,21.7,21.8,21.8,0,43,49,42,154.0,14.1,2026-08-07T20:05:00.000Z,13.7
POINT Z (-114.000258 51.109308 1082.87),3031094,2026-08-07T20:06:00.000Z,8.9,21.2,21.9,21.9,22.0,22.0,0,43,48,42,154.0,14.1,2026-08-07T20:06:00.000Z,14.0
POINT Z (-114.000258 51.109308 1082.87),3031094,2026-08-07T20:07:00.000Z,8.9,21.3,22.1,22.1,22.1,22.1,0,43,48,42,154.0,14.1,2026-08-07T20:07:00.000Z,14.0
POINT Z (-114.000258 51.109308 1082.87),3031094,2026-08-07T20:08:00.000Z,8.6,21.3,22.0,22.0,22.0,22.0,0,42,48,42,154.0,14.1,2026-08-07T20:08:00.000Z,13.9
POINT Z (-114.000258 51.109308 1082.87),3031094,2026-08-07T20:09:00.000Z,8.8,21.3,22.0,22.0,22.0,22.0,0,43,48,42,155.0,13.9,2026-08-07T20:09:00.000Z,13.9
POINT Z (-114.000258 51.109308 1082.87),3031094,2026-08-07T20:10:00.000Z,8.9,21.3,22.1,22.1,22.1,22.1,0,43,48,42,155.0,13.9,2026-08-07T20:10:00.000Z,14.0
POINT Z (-114.000258 51.109308 1082.87),3031094,2026-08-07T20:11:00.000Z,8.8,21.4,22.1,22.1,22.2,22.2,0,43,47,42,155.0,13.8,2026-08-07T20:11:00.000Z,14.0
POINT Z (-114.000258 51.109308 1082.87),3031094,2026-08-07T20:12:00.000Z,8.7,21.4,22.0,22.0,22.0,22.0,0,43,47,42,155.0,13.9,2026-08-07T20:12:00.000Z,13.9
POINT Z (-114.000258 51.109308 1082.87),3031094,2026-08-07T20:13:00.000Z,8.4,21.4,21.9,21.9,21.9,21.9,0,42,47,42,154.0,13.9,2026-08-07T20:13:00.000Z,13.7
POINT Z (-114.000258 51.109308 1082.87),3031094,2026-08-07T20:14:00.000Z,8.6,21.4,21.8,21.8,21.8,21.8,0,43,47,42,154.0,13.9,2026-08-07T20:14:00.000Z,13.8
POINT Z (-114.000258 51.109308 1082.87),3031094,2026-08-07T20:15:00.000Z,8.4,21.4,21.6,21.6,21.7,21.7,0,43,47,42,154.0,13.9,2026-08-07T20:15:00.000Z,13.6
POINT Z (-114.000258 51.109308 1082.87),3031094,2026-08-07T20:16:00.000Z,8.5,21.4,21.6,21.6,21.7,21.7,0,43,47,42,154.0,13.9,2026-08-07T20:16:00.000Z,13.7
POINT Z (-114.000258 51.109308 1082.87),3031094,2026-08-07T20:17:00.000Z,8.4,21.4,21.5,21.5,21.6,21.6,0,43,47,42,153.0,14.0,2026-08-07T20:17:00.000Z,13.6
POINT Z (-114.000258 51.109308 1082.87),3031094,2026-08-07T20:18:00.000Z,8.4,21.5,21.5,21.5,21.5,21.5,0,43,47,42,153.0,14.1,2026-08-07T20:18:00.000Z,13.6
POINT Z (-114.000258 51.109308 1082.87),3031094,2026-08-07T20:19:00.000Z,8.6,21.5,21.6,21.6,21.7,21.7,0,43,46,42,153.0,14.1,2026-08-07T20:19:00.000Z,13.7
POINT Z (-114.000258 51.109308 1082.87),3031094,2026-08-07T20:20:00.000Z,8.5,21.5,21.6,21.6,21.6,21.6,0,43,46,42,153.0,14.0,2026-08-07T20:20:00.000Z,13.7
POINT Z (-114.000258 51.109308 1082.87),3031094,2026-08-07T20:21:00.000Z,8.5,21.5,21.6,21.6,21.6,21.6,0,43,46,42,153.0,14.0,2026-08-07T20:21:00.000Z,13.7
POINT Z (-114.000258 51.109308 1082.87),3031094,2026-08-07T20:22:00.000Z,8.3,21.5,21.4,21.4,21.5,21.5,0,43,46,42,153.0,13.9,2026-08-07T20:22:00.000Z,13.5
POINT Z (-114.000258 51.109308 1082.87),3031094,2026-08-07T20:23:00.000Z,8.5,21.5,21.5,21.5,21.6,21.6,0,43,46,42,153.0,13.8,2026-08-07T20:23:00.000Z,13.6
POINT Z (-114.000258 51.109308 1082.87),3031094,2026-08-07T20:24:00.000Z,8.8,21.5,21.6,21.6,21.7,21.7,0,44,46,42,152.0,13.8,2026-08-07T20:24:00.000Z,13.8
POINT Z (-114.000258 51.109308 1082.87),3031094,2026-08-07T20:25:00.000Z,9.1,21.5,21.8,21.8,21.9,21.9,0,44,46,42,152.0,13.8,2026-08-07T20:25:00.000Z,14.0
POINT Z (-114.000258 51.109308 1082.87),3031094,2026-08-07T20:26:00.000Z,8.8,21.6,21.8,21.8,21.9,21.9,0,43,46,42,152.0,13.8,2026-08-07T20:26:00.000Z,13.9
POINT Z (-114.000258 51.109308 1082.87),3031094,2026-08-07T20:27:00.000Z,8.5,21.6,21.7,21.7,21.7,21.7,0,43,46,42,152.0,13.9,2026-08-07T20:27:00.000Z,13.7
POINT Z (-114.000258 51.109308 1082.87),3031094,2026-08-07T20:28:00.000Z,8.2,21.6,21.4,21.4,21.4,21.4,0,43,46,42,153.0,13.9,2026-08-07T20:28:00.000Z,13.4
POINT Z (-114.000258 51.109308 1082.87),3031094,2026-08-07T20:29:00.000Z,8.6,21.6,21.5,21.5,21.6,21.6,0,44,46,42,153.0,14.0,2026-08-07T20:29:00.000Z,13.7
POINT Z (-114.000258 51.109308 1082.87),3031094,2026-08-07T20:30:00.000Z,8.6,21.6,21.5,21.5,21.6,21.6,0,43,46,42,154.0,13.9,2026-08-07T20:30:00.000Z,13.7
POINT Z (-114.000258 51.109308 1082.87),3031094,2026-08-07T20:31:00.000Z,8.4,21.6,21.5,21.5,21.5,21.5,0,43,46,42,154.0,13.8,2026-08-07T20:31:00.000Z,13.6
POINT Z (-114.000258 51.109308 1082.87),3031094,2026-08-07T20:32:00.000Z,8.9,21.6,21.9,21.9,21.9,21.9,0,44,45,42,154.0,13.9,2026-08-07T20:32:00.000Z,13.9
POINT Z (-114.000258 51.109308 1082.87),3031094,2026-08-07T20:33:00.000Z,8.5,21.6,21.8,21.8,21.8,21.8,0,42,45,42,155.0,14.0,2026-08-07T20:33:00.000Z,13.7
POINT Z (-114.000258 51.109308 1082.87),3031094,2026-08-07T20:34:00.000Z,8.7,21.6,21.9,21.9,21.9,22.0,0,43,45,42,155.0,14.0,2026-08-07T20:34:00.000Z,13.9
POINT Z (-114.000258 51.109308 1082.87),3031094,2026-08-07T20:35:00.000Z,8.4,21.6,21.8,21.8,21.8,21.8,0,42,45,42,155.0,14.0,2026-08-07T20:35:00.000Z,13.7
POINT Z (-114.000258 51.109308 1082.87),3031094,2026-08-07T20:36:00.000Z,8.3,21.6,21.5,21.5,21.6,21.5,0,43,45,42,156.0,13.9,2026-08-07T20:36:00.000Z,13.5
POINT Z (-114.000258 51.109308 1082.87),3031094,2026-08-07T20:37:00.000Z,8.4,21.6,21.6,21.6,21.6,21.6,0,43,45,42,156.0,13.8,2026-08-07T20:37:00.000Z,13.6
POINT Z (-114.000258 51.109308 1082.87),3031094,2026-08-07T20:38:00.000Z,8.5,21.6,21.6,21.6,21.6,21.7,0,43,45,42,156.0,13.8,2026-08-07T20:38:00.000Z,13.7
POINT Z (-114.000258 51.109308 1082.87),3031094,2026-08-07T20:39:00.000Z,9.0,21.6,21.9,21.9,21.9,21.9,0,44,45,42,156.0,13.8,2026-08-07T20:39:00.000Z,14.0
POINT Z (-114.000258 51.109308 1082.87),3031094,2026-08-07T20:40:00.000Z,9.0,21.7,21.9,21.9,22.0,22.0,0,44,45,42,156.0,13.8,2026-08-07T20:40:00.000Z,14.0
POINT Z (-114.000258 51.109308 1082.87),3031094,2026-08-07T20:41:00.000Z,8.8,21.7,21.9,21.9,21.9,21.9,0,43,45,42,157.0,13.8,2026-08-07T20:41:00.000Z,13.9
POINT Z (-114.000258 51.109308 1082.87),3031094,2026-08-07T20:42:00.000Z,9.2,21.7,22.1,22.1,22.1,22.1,0,44,45,42,157.0,13.8,2026-08-07T20:42:00.000Z,14.2
POINT Z (-114.000258 51.109308 1082.87),3031094,2026-08-07T20:43:00.000Z,8.9,21.7,22.2,22.2,22.3,22.2,0,43,45,42,157.0,13.8,2026-08-07T20:43:00.000Z,14.1
POINT Z (-114.000258 51.109308 1082.87),3031094,2026-08-07T20:44:00.000Z,8.6,21.7,21.9,21.9,22.0,22.0,0,43,45,42,157.0,13.8,2026-08-07T20:44:00.000Z,13.8
POINT Z (-114.000258 51.109308 1082.87),3031094,2026-08-07T20:45:00.000Z,8.9,21.7,22.0,22.0,22.1,22.1,0,43,45,42,157.0,13.8,2026-08-07T20:45:00.000Z,14.0
POINT Z (-114.000258 51.109308 1082.87),3031094,2026-08-07T20:46:00.000Z,9.0,21.7,22.2,22.2,22.3,22.3,0,43,45,42,157.0,13.9,2026-08-07T20:46:00.000Z,14.1
POINT Z (-114.000258 51.109308 1082.87),3031094,2026-08-07T20:47:00.000Z,8.2,21.8,21.8,21.8,21.8,21.8,0,42,45,42,157.0,13.9,2026-08-07T20:47:00.000Z,13.6
POINT Z (-114.000258 51.109308 1082.87),3031094,2026-08-07T20:48:00.000Z,8.8,21.8,21.8,21.8,21.8,21.9,0,43,45,42,158.0,13.9,2026-08-07T20:48:00.000Z,13.9
POINT Z (-114.000258 51.109308 1082.87),3031094,2026-08-07T20:49:00.000Z,9.2,21.8,22.2,22.2,22.3,22.3,0,43,45,42,158.0,14.0,2026-08-07T20:49:00.000Z,14.2
POINT Z (-114.000258 51.109308 1082.87),3031094,2026-08-07T20:50:00.000Z,9.0,21.8,22.3,22.3,22.3,22.3,0,43,45,42,159.0,14.1,2026-08-07T20:50:00.000Z,14.1
POINT Z (-114.000258 51.109308 1082.87),3031094,2026-08-07T20:51:00.000Z,8.7,21.8,22.0,22.0,22.0,22.0,0,43,45,42,158.0,14.1,2026-08-07T20:51:00.000Z,13.9
POINT Z (-114.000258 51.109308 1082.87),3031094,2026-08-07T20:52:00.000Z,9.0,21.8,22.2,22.2,22.2,22.2,0,43,45,42,159.0,14.1,2026-08-07T20:52:00.000Z,14.1
POINT Z (-114.000258 51.109308 1082.87),3031094,2026-08-07T20:53:00.000Z,8.5,21.8,21.9,21.9,22.0,22.0,0,42,45,42,159.0,14.1,2026-08-07T20:53:00.000Z,13.8
POINT Z (-114.000258 51.109308 1082.87),3031094,2026-08-07T20:54:00.000Z,9.1,21.8,22.2,22.2,22.3,22.3,0,43,45,42,159.0,14.1,2026-08-07T20:54:00.000Z,14.2
POINT Z (-114.000258 51.109308 1082.87),3031094,2026-08-07T20:55:00.000Z,9.0,21.9,22.4,22.4,22.4,22.4,0,43,45,42,160.0,14.1,2026-08-07T20:55:00.000Z,14.2
POINT Z (-114.000258 51.109308 1082.87),3031094,2026-08-07T20:56:00.000Z,8.7,21.9,22.2,22.2,22.3,22.3,0,42,44,42,160.0,14.1,2026-08-07T20:56:00.000Z,14.0
POINT Z (-114.000258 51.109308 1082.87),3031094,2026-08-07T20:57:00.000Z,8.8,21.9,22.4,22.4,22.4,22.4,0,42,44,42,160.0,14.2,2026-08-07T20:57:00.000Z,14.1
POINT Z (-114.000258 51.109308 1082.87),3031094,2026-08-07T20:58:00.000Z,8.9,21.9,22.3,22.3,22.3,22.3,0,42,44,42,159.0,14.2,2026-08-07T20:58:00.000Z,14.1
POINT Z (-114.000258 51.109308 1082.87),3031094,2026-08-07T20:59:00.000Z,8.9,21.9,22.4,22.4,22.4,22.4,0,42,44,42,160.0,14.2,2026-08-07T20:59:00.000Z,14.1
POINT Z (-114.000258 51.109308 1082.87),3031094,2026-08-07T21:00:00.000Z,8.9,21.9,22.4,22.4,22.4,22.5,0,42,44,42,160.0,14.1,2026-08-07T21:00:00.000Z,14.1
POINT Z (-114.000258 51.109308 1082.87),3031094,2026-08-07T21:00:00.000Z,8.9,21.9,22.4,22.4,22.4,22.5,0,42,44,42,160.0,14.1,2026-08-07T21:00:00.000Z,14.1
POINT Z (-114.000258 51.109308 1082.87),3031094,2026-08-07T21:01:00.000Z,9.0,21.9,22.4,22.4,22.5,22.5,0,42,44,42,161.0,14.2,2026-08-07T21:01:00.000Z,14.2
POINT Z (-114.000258 51.109308 1082.87),3031094,2026-08-07T21:02:00.000Z,9.3,21.9,22.7,22.7,22.7,22.7,0,43,44,42,161.0,14.2,2026-08-07T21:02:00.000Z,14.4
POINT Z (-114.000258 51.109308 1082.87),3031094,2026-08-07T21:03:00.000Z,9.2,21.9,22.6,22.6,22.7,22.7,0,42,44,42,160.0,14.1,2026-08-07T21:03:00.000Z,14.4
POINT Z (-114.000258 51.109308 1082.87),3031094,2026-08-07T21:04:00.000Z,9.0,21.9,22.5,22.5,22.6,22.6,0,42,44,42,160.0,14.0,2026-08-07T21:04:00.000Z,14.2
POINT Z (-114.000258 51.109308 1082.87),3031094,2026-08-07T21:05:00.000Z,9.1,21.9,22.6,22.6,22.7,22.7,0,42,44,42,159.0,14.1,2026-08-07T21:05:00.000Z,14.3
POINT Z (-114.000258 51.109308 1082.87),3031094,2026-08-07T21:06:00.000Z,8.8,21.9,22.4,22.4,22.5,22.5,0,42,44,42,160.0,14.0,2026-08-07T21:06:00.000Z,14.1
POINT Z (-114.000258 51.109308 1082.87),3031094,2026-08-07T21:07:00.000Z,9.3,22.0,22.7,22.7,22.7,22.8,0,43,44,42,160.0,13.9,2026-08-07T21:07:00.000Z,14.4
POINT Z (-114.000258 51.109308 1082.87),3031094,2026-08-07T21:08:00.000Z,9.2,22.0,22.7,22.7,22.7,22.7,0,42,44,42,160.0,13.9,2026-08-07T21:08:00.000Z,14.4
POINT Z (-114.000258 51.109308 1082.87),3031094,2026-08-07T21:09:00.000Z,9.4,22.0,22.7,22.7,22.8,22.8,0,43,44,42,160.0,14.0,2026-08-07T21:09:00.000Z,14.5
POINT Z (-114.000258 51.109308 1082.87),3031094,2026-08-07T21:10:00.000Z,9.2,22.0,22.8,22.8,22.8,22.8,0,42,44,42,159.0,14.1,2026-08-07T21:10:00.000Z,14.4
POINT Z (-114.000258 51.109308 1082.87),3031094,2026-08-07T21:11:00.000Z,8.6,22.0,22.4,22.4,22.4,22.4,0,41,44,41,159.0,14.1,2026-08-07T21:11:00.000Z,14.0
POINT Z (-114.000258 51.109308 1082.87),3031094,2026-08-07T21:12:00.000Z,9.1,22.0,22.5,22.5,22.6,22.6,0,42,44,41,159.0,14.1,2026-08-07T21:12:00.000Z,14.3
POINT Z (-114.000258 51.109308 1082.87),3031094,2026-08-07T21:13:00.000Z,9.2,22.0,22.7,22.7,22.8,22.8,0,42,44,41,159.0,14.1,2026-08-07T21:13:00.000Z,14.4
POINT Z (-114.000258 51.109308 1082.87),3031094,2026-08-07T21:14:00.000Z,9.2,22.0,22.9,22.9,22.9,22.9,0,42,44,41,159.0,14.1,2026-08-07T21:14:00.000Z,14.5
POINT Z (-114.000258 51.109308 1082.87),3031094,2026-08-07T21:15:00.000Z,9.0,22.1,22.8,22.8,22.8,22.8,0,41,44,41,159.0,14.2,2026-08-07T21:15:00.000Z,14.3
POINT Z (-114.000258 51.109308 1082.87),3031094,2026-08-07T21:16:00.000Z,9.1,22.1,22.7,22.7,22.7,22.7,0,42,44,41,159.0,14.1,2026-08-07T21:16:00.000Z,14.3
POINT Z (-114.000258 51.109308 1082.87),3031094,2026-08-07T21:17:00.000Z,9.0,22.1,22.5,22.5,22.6,22.6,0,42,44,41,159.0,14.1,2026-08-07T21:17:00.000Z,14.2
POINT Z (-114.000258 51.109308 1082.87),3031094,2026-08-07T21:18:00.000Z,8.8,22.1,22.4,22.4,22.4,22.4,0,42,44,41,159.0,14.1,2026-08-07T21:18:00.000Z,14.1
POINT Z (-114.000258 51.109308 1082.87),3031094,2026-08-07T21:19:00.000Z,9.2,22.1,22.4,22.4,22.5,22.5,0,43,44,41,159.0,14.1,2026-08-07T21:19:00.000Z,14.3
POINT Z (-114.000258 51.109308 1082.87),3031094,2026-08-07T21:20:00.000Z,9.4,22.1,22.6,22.6,22.7,22.7,0,43,44,41,158.0,14.2,2026-08-07T21:20:00.000Z,14.5
